atom_id,program_id,claim_type,evidence_span,proposed_direction,likelihood_ratio,tier,source_type,source_id,observed_vs_inferred,population_match,rationale,extraction_review_status,review_status,extraction_source,extraction_date
navitoclax_mpn:ther:0,navitoclax_mpn,therapeutic_window,PRE-DECISION CANDIDATE: Mechanism includes BCL-xL inhibition;,neutral,1.0,low,,navitoclax_mpn:evidence,inferred,unknown,[EXTRACTED — REVIEW] PRE-DECISION CANDIDATE: Mechanism includes BCL-xL inhibition;,extracted,draft,claim_evidence_atoms.extract_atoms_from_row heuristic,2026-07-05
navitoclax_mpn:ther:1,navitoclax_mpn,therapeutic_window,BCL-xL inhibition is linked to platelet lifespan reduction and clinically dose-limiting thrombocytopenia.,refuting,1.0,low,,navitoclax_mpn:evidence,inferred,unknown,[EXTRACTED — REVIEW] BCL-xL inhibition is linked to platelet lifespan reduction and clinically dose-limiting thrombocytopenia.,extracted,draft,claim_evidence_atoms.extract_atoms_from_row heuristic,2026-07-05
navitoclax_mpn:ther:2,navitoclax_mpn,therapeutic_window,Need primary protocol/review to confirm whether this specifically constrained intended efficacious exposure in MPN program.,neutral,1.0,low,,navitoclax_mpn:evidence,inferred,unknown,[EXTRACTED — REVIEW] Need primary protocol/review to confirm whether this specifically constrained intended efficacious exposure in MPN program.,extracted,draft,claim_evidence_atoms.extract_atoms_from_row heuristic,2026-07-05
umbralisib_mzl_fl_cll:ther:0,umbralisib_mzl_fl_cll,therapeutic_window,"PRE-DECISION CANDIDATE: Public label/review summaries described serious safety liabilities including infections, neutropenia, diarrhea/noninfectious colitis, hepatotoxicity, and severe cutaneous reactions before market withdrawal decision.",refuting,1.0,low,,umbralisib_mzl_fl_cll:evidence,inferred,unknown,"[EXTRACTED — REVIEW] PRE-DECISION CANDIDATE: Public label/review summaries described serious safety liabilities including infections, neutropenia, diarrhea/noninfectious colitis, hepatotoxicity, and severe cutaneous reactions before market withdrawal decision.",extracted,draft,claim_evidence_atoms.extract_atoms_from_row heuristic,2026-07-05
umbralisib_mzl_fl_cll:ther:1,umbralisib_mzl_fl_cll,therapeutic_window,Need FDA label/ODAC packet extraction.,neutral,1.0,low,,umbralisib_mzl_fl_cll:evidence,inferred,unknown,[EXTRACTED — REVIEW] Need FDA label/ODAC packet extraction.,extracted,draft,claim_evidence_atoms.extract_atoms_from_row heuristic,2026-07-05
duvelisib_cll_sll_fl:ther:0,duvelisib_cll_sll_fl,therapeutic_window,"PRE-DECISION CANDIDATE: Known boxed-warning/serious toxicities include infections, diarrhea/colitis, pneumonitis, cutaneous reactions, and transaminase elevations;",refuting,1.0,low,,duvelisib_cll_sll_fl:evidence,inferred,unknown,"[EXTRACTED — REVIEW] PRE-DECISION CANDIDATE: Known boxed-warning/serious toxicities include infections, diarrhea/colitis, pneumonitis, cutaneous reactions, and transaminase elevations;",extracted,draft,claim_evidence_atoms.extract_atoms_from_row heuristic,2026-07-05
duvelisib_cll_sll_fl:ther:1,duvelisib_cll_sll_fl,therapeutic_window,safety profile plausibly limited benefit-risk before later survival-warning update.,neutral,1.0,low,,duvelisib_cll_sll_fl:evidence,inferred,unknown,[EXTRACTED — REVIEW] safety profile plausibly limited benefit-risk before later survival-warning update.,extracted,draft,claim_evidence_atoms.extract_atoms_from_row heuristic,2026-07-05
copanlisib_fl:ther:0,copanlisib_fl,therapeutic_window,"PRE-DECISION CANDIDATE: Public safety profile included infections, hyperglycemia, hypertension, pneumonitis, neutropenia, and rash.",refuting,1.0,low,,copanlisib_fl:evidence,inferred,unknown,"[EXTRACTED — REVIEW] PRE-DECISION CANDIDATE: Public safety profile included infections, hyperglycemia, hypertension, pneumonitis, neutropenia, and rash.",extracted,draft,claim_evidence_atoms.extract_atoms_from_row heuristic,2026-07-05
copanlisib_fl:ther:1,copanlisib_fl,therapeutic_window,Need confirmatory-trial documents to separate safety-driven window issue from efficacy/confirmatory failure.,refuting,1.0,low,,copanlisib_fl:evidence,inferred,unknown,[EXTRACTED — REVIEW] Need confirmatory-trial documents to separate safety-driven window issue from efficacy/confirmatory failure.,extracted,draft,claim_evidence_atoms.extract_atoms_from_row heuristic,2026-07-05
idelalisib_fl_sll:ther:0,idelalisib_fl_sll,therapeutic_window,"PRE-DECISION CANDIDATE: Label/review summaries included serious and fatal toxicities including hepatotoxicity, severe diarrhea/colitis, pneumonitis, intestinal perforation and REMS/risk management.",refuting,1.0,low,,idelalisib_fl_sll:evidence,inferred,unknown,"[EXTRACTED — REVIEW] PRE-DECISION CANDIDATE: Label/review summaries included serious and fatal toxicities including hepatotoxicity, severe diarrhea/colitis, pneumonitis, intestinal perforation and REMS/risk management.",extracted,draft,claim_evidence_atoms.extract_atoms_from_row heuristic,2026-07-05
idelalisib_fl_sll:ther:1,idelalisib_fl_sll,therapeutic_window,Need primary FDA source.,neutral,1.0,low,,idelalisib_fl_sll:evidence,inferred,unknown,[EXTRACTED — REVIEW] Need primary FDA source.,extracted,draft,claim_evidence_atoms.extract_atoms_from_row heuristic,2026-07-05
taselisib_sandpiper:ther:0,taselisib_sandpiper,therapeutic_window,PRE-DECISION CANDIDATE: SANDPIPER program had expected PI3K inhibitor toxicities;,refuting,1.0,low,,taselisib_sandpiper:evidence,inferred,unknown,[EXTRACTED — REVIEW] PRE-DECISION CANDIDATE: SANDPIPER program had expected PI3K inhibitor toxicities;,extracted,draft,claim_evidence_atoms.extract_atoms_from_row heuristic,2026-07-05
taselisib_sandpiper:ther:1,taselisib_sandpiper,therapeutic_window,public summaries cite poor survival edge/harsh side effects and Roche stopped further development after top-line Phase 3 results.,neutral,1.0,low,,taselisib_sandpiper:evidence,inferred,unknown,[EXTRACTED — REVIEW] public summaries cite poor survival edge/harsh side effects and Roche stopped further development after top-line Phase 3 results.,extracted,draft,claim_evidence_atoms.extract_atoms_from_row heuristic,2026-07-05
taselisib_sandpiper:ther:2,taselisib_sandpiper,therapeutic_window,Need primary SANDPIPER publication extraction.,neutral,1.0,low,,taselisib_sandpiper:evidence,inferred,unknown,[EXTRACTED — REVIEW] Need primary SANDPIPER publication extraction.,extracted,draft,claim_evidence_atoms.extract_atoms_from_row heuristic,2026-07-05
buparlisib_belle:ther:0,buparlisib_belle,therapeutic_window,PRE-DECISION CANDIDATE: Pan-PI3K profile associated with excessive side effects;,neutral,1.0,low,,buparlisib_belle:evidence,inferred,unknown,[EXTRACTED — REVIEW] PRE-DECISION CANDIDATE: Pan-PI3K profile associated with excessive side effects;,extracted,draft,claim_evidence_atoms.extract_atoms_from_row heuristic,2026-07-05
buparlisib_belle:ther:1,buparlisib_belle,therapeutic_window,"BELLE-2/3 summaries report PFS signal but excessive toxicity, and BELLE-3 termination due to side effects.",refuting,1.0,low,,buparlisib_belle:evidence,inferred,unknown,"[EXTRACTED — REVIEW] BELLE-2/3 summaries report PFS signal but excessive toxicity, and BELLE-3 termination due to side effects.",extracted,draft,claim_evidence_atoms.extract_atoms_from_row heuristic,2026-07-05
buparlisib_belle:ther:2,buparlisib_belle,therapeutic_window,Need trial publication review.,neutral,1.0,low,,buparlisib_belle:evidence,inferred,unknown,[EXTRACTED — REVIEW] Need trial publication review.,extracted,draft,claim_evidence_atoms.extract_atoms_from_row heuristic,2026-07-05
poziotinib_exon20_nsclc:ther:0,poziotinib_exon20_nsclc,therapeutic_window,"PRE-DECISION CANDIDATE: Prior public data showed antitumor activity, but ODAC judged risk-benefit unfavorable;",confirming,1.0,low,,poziotinib_exon20_nsclc:evidence,inferred,unknown,"[EXTRACTED — REVIEW] PRE-DECISION CANDIDATE: Prior public data showed antitumor activity, but ODAC judged risk-benefit unfavorable;",extracted,draft,claim_evidence_atoms.extract_atoms_from_row heuristic,2026-07-05
poziotinib_exon20_nsclc:ther:1,poziotinib_exon20_nsclc,therapeutic_window,need FDA briefing to quantify rash/diarrhea/mucositis/dose reductions and whether dose intensity limited efficacy.,neutral,1.0,low,,poziotinib_exon20_nsclc:evidence,inferred,unknown,[EXTRACTED — REVIEW] need FDA briefing to quantify rash/diarrhea/mucositis/dose reductions and whether dose intensity limited efficacy.,extracted,draft,claim_evidence_atoms.extract_atoms_from_row heuristic,2026-07-05
mobocertinib_exclaim2:ther:0,mobocertinib_exclaim2,therapeutic_window,PRE-DECISION CANDIDATE: Label summaries included QTc prolongation warnings and prominent GI toxicity/diarrhea risk.,refuting,1.0,low,,mobocertinib_exclaim2:evidence,inferred,unknown,[EXTRACTED — REVIEW] PRE-DECISION CANDIDATE: Label summaries included QTc prolongation warnings and prominent GI toxicity/diarrhea risk.,extracted,draft,claim_evidence_atoms.extract_atoms_from_row heuristic,2026-07-05
mobocertinib_exclaim2:ther:1,mobocertinib_exclaim2,therapeutic_window,Need EXCLAIM-2 protocol/publication to determine whether tolerated exposure was the core failure vs efficacy/differentiation.,refuting,1.0,low,,mobocertinib_exclaim2:evidence,inferred,unknown,[EXTRACTED — REVIEW] Need EXCLAIM-2 protocol/publication to determine whether tolerated exposure was the core failure vs efficacy/differentiation.,extracted,draft,claim_evidence_atoms.extract_atoms_from_row heuristic,2026-07-05
rovalpituzumab_tesirine_rova_t:ther:0,rovalpituzumab_tesirine_rova_t,therapeutic_window,PRE-DECISION CANDIDATE: ADC/PBD payload class toxicity and earlier weak response signal;,refuting,1.0,low,,rovalpituzumab_tesirine_rova_t:evidence,inferred,unknown,[EXTRACTED — REVIEW] PRE-DECISION CANDIDATE: ADC/PBD payload class toxicity and earlier weak response signal;,extracted,draft,claim_evidence_atoms.extract_atoms_from_row heuristic,2026-07-05
rovalpituzumab_tesirine_rova_t:ther:1,rovalpituzumab_tesirine_rova_t,therapeutic_window,public summaries cite Phase 2 ORR around 16% and later Phase 3 survival harm/no benefit.,refuting,1.0,low,,rovalpituzumab_tesirine_rova_t:evidence,inferred,unknown,[EXTRACTED — REVIEW] public summaries cite Phase 2 ORR around 16% and later Phase 3 survival harm/no benefit.,extracted,draft,claim_evidence_atoms.extract_atoms_from_row heuristic,2026-07-05
rovalpituzumab_tesirine_rova_t:ther:2,rovalpituzumab_tesirine_rova_t,therapeutic_window,Need primary TAHOE/MERU safety tables.,neutral,1.0,low,,rovalpituzumab_tesirine_rova_t:evidence,inferred,unknown,[EXTRACTED — REVIEW] Need primary TAHOE/MERU safety tables.,extracted,draft,claim_evidence_atoms.extract_atoms_from_row heuristic,2026-07-05
demcizumab_yosemite_denali:ther:0,demcizumab_yosemite_denali,therapeutic_window,PRE-DECISION CANDIDATE: DLL4/Notch inhibition had known cardiovascular/pulmonary-hypertension monitoring concern;,neutral,1.0,low,,demcizumab_yosemite_denali:evidence,inferred,unknown,[EXTRACTED — REVIEW] PRE-DECISION CANDIDATE: DLL4/Notch inhibition had known cardiovascular/pulmonary-hypertension monitoring concern;,extracted,draft,claim_evidence_atoms.extract_atoms_from_row heuristic,2026-07-05
demcizumab_yosemite_denali:ther:1,demcizumab_yosemite_denali,therapeutic_window,Phase 1/2 summaries mention hypertension/fatigue and cardiac-related illness.,neutral,1.0,low,,demcizumab_yosemite_denali:evidence,inferred,unknown,[EXTRACTED — REVIEW] Phase 1/2 summaries mention hypertension/fatigue and cardiac-related illness.,extracted,draft,claim_evidence_atoms.extract_atoms_from_row heuristic,2026-07-05
demcizumab_yosemite_denali:ther:2,demcizumab_yosemite_denali,therapeutic_window,Need OncoMed primary release and trial tables.,neutral,1.0,low,,demcizumab_yosemite_denali:evidence,inferred,unknown,[EXTRACTED — REVIEW] Need OncoMed primary release and trial tables.,extracted,draft,claim_evidence_atoms.extract_atoms_from_row heuristic,2026-07-05
figitumumab_nsclc:ther:0,figitumumab_nsclc,therapeutic_window,PRE-DECISION CANDIDATE: IGF-1R antibody had class and combination-toxicity concerns;,refuting,1.0,low,,figitumumab_nsclc:evidence,inferred,unknown,[EXTRACTED — REVIEW] PRE-DECISION CANDIDATE: IGF-1R antibody had class and combination-toxicity concerns;,extracted,draft,claim_evidence_atoms.extract_atoms_from_row heuristic,2026-07-05
figitumumab_nsclc:ther:1,figitumumab_nsclc,therapeutic_window,need Pfizer/phase III source to confirm whether excess deaths were treatment-exposure related vs disease imbalance.,neutral,1.0,low,,figitumumab_nsclc:evidence,inferred,unknown,[EXTRACTED — REVIEW] need Pfizer/phase III source to confirm whether excess deaths were treatment-exposure related vs disease imbalance.,extracted,draft,claim_evidence_atoms.extract_atoms_from_row heuristic,2026-07-05
rilotumumab_rilotumumab_gastric:ther:0,rilotumumab_rilotumumab_gastric,therapeutic_window,PRE-DECISION CANDIDATE: Prior biomarker hypothesis and chemotherapy-combination exposure existed;,neutral,1.0,low,,rilotumumab_rilotumumab_gastric:evidence,inferred,unknown,[EXTRACTED — REVIEW] PRE-DECISION CANDIDATE: Prior biomarker hypothesis and chemotherapy-combination exposure existed;,extracted,draft,claim_evidence_atoms.extract_atoms_from_row heuristic,2026-07-05
rilotumumab_rilotumumab_gastric:ther:1,rilotumumab_rilotumumab_gastric,therapeutic_window,need RILOMET primary materials to determine whether increased deaths imply therapeutic-window failure.,refuting,1.0,low,,rilotumumab_rilotumumab_gastric:evidence,inferred,unknown,[EXTRACTED — REVIEW] need RILOMET primary materials to determine whether increased deaths imply therapeutic-window failure.,extracted,draft,claim_evidence_atoms.extract_atoms_from_row heuristic,2026-07-05
melflufen_myeloma_ocean:ther:0,melflufen_myeloma_ocean,therapeutic_window,PRE-DECISION CANDIDATE: Accelerated approval based on single-arm HORIZON response in heavily pretreated MM;,neutral,1.0,low,,melflufen_myeloma_ocean:evidence,inferred,unknown,[EXTRACTED — REVIEW] PRE-DECISION CANDIDATE: Accelerated approval based on single-arm HORIZON response in heavily pretreated MM;,extracted,draft,claim_evidence_atoms.extract_atoms_from_row heuristic,2026-07-05
melflufen_myeloma_ocean:ther:1,melflufen_myeloma_ocean,therapeutic_window,"known adverse reactions included fatigue, nausea, diarrhea, fever/infections;",neutral,1.0,low,,melflufen_myeloma_ocean:evidence,inferred,unknown,"[EXTRACTED — REVIEW] known adverse reactions included fatigue, nausea, diarrhea, fever/infections;",extracted,draft,claim_evidence_atoms.extract_atoms_from_row heuristic,2026-07-05
melflufen_myeloma_ocean:ther:2,melflufen_myeloma_ocean,therapeutic_window,need FDA label/ODAC to quantify myelosuppression and subgroup safety before OCEAN.,neutral,1.0,low,,melflufen_myeloma_ocean:evidence,inferred,unknown,[EXTRACTED — REVIEW] need FDA label/ODAC to quantify myelosuppression and subgroup safety before OCEAN.,extracted,draft,claim_evidence_atoms.extract_atoms_from_row heuristic,2026-07-05
alisertib_ptcl:ther:0,alisertib_ptcl,therapeutic_window,PRE-DECISION CANDIDATE: Aurora A inhibition and cytopenia/GI toxicity risks;,refuting,1.0,low,,alisertib_ptcl:evidence,inferred,unknown,[EXTRACTED — REVIEW] PRE-DECISION CANDIDATE: Aurora A inhibition and cytopenia/GI toxicity risks;,extracted,draft,claim_evidence_atoms.extract_atoms_from_row heuristic,2026-07-05
alisertib_ptcl:ther:1,alisertib_ptcl,therapeutic_window,prior studies showed activity but need Phase 3 source to verify toxicity-limited dose vs efficacy failure.,refuting,1.0,low,,alisertib_ptcl:evidence,inferred,unknown,[EXTRACTED — REVIEW] prior studies showed activity but need Phase 3 source to verify toxicity-limited dose vs efficacy failure.,extracted,draft,claim_evidence_atoms.extract_atoms_from_row heuristic,2026-07-05
cediranib_glioblastoma:ther:0,cediranib_glioblastoma,therapeutic_window,PRE-DECISION CANDIDATE: VEGFR inhibitor with known hypertension/diarrhea/fatigue class toxicities;,refuting,1.0,low,,cediranib_glioblastoma:evidence,inferred,unknown,[EXTRACTED — REVIEW] PRE-DECISION CANDIDATE: VEGFR inhibitor with known hypertension/diarrhea/fatigue class toxicities;,extracted,draft,claim_evidence_atoms.extract_atoms_from_row heuristic,2026-07-05
cediranib_glioblastoma:ther:1,cediranib_glioblastoma,therapeutic_window,need trial publication to confirm whether therapeutic window was binding vs endpoint/efficacy.,neutral,1.0,low,,cediranib_glioblastoma:evidence,inferred,unknown,[EXTRACTED — REVIEW] need trial publication to confirm whether therapeutic window was binding vs endpoint/efficacy.,extracted,draft,claim_evidence_atoms.extract_atoms_from_row heuristic,2026-07-05
sapanisertib_solid_tumors:ther:0,sapanisertib_solid_tumors,therapeutic_window,PRE-DECISION CANDIDATE: mTORC1/2 inhibition commonly has metabolic/stomatitis/rash toxicity;,refuting,1.0,low,,sapanisertib_solid_tumors:evidence,inferred,unknown,[EXTRACTED — REVIEW] PRE-DECISION CANDIDATE: mTORC1/2 inhibition commonly has metabolic/stomatitis/rash toxicity;,extracted,draft,claim_evidence_atoms.extract_atoms_from_row heuristic,2026-07-05
sapanisertib_solid_tumors:ther:1,sapanisertib_solid_tumors,therapeutic_window,need primary sources for dose reductions/discontinuations and whether exposure was constrained.,refuting,1.0,low,,sapanisertib_solid_tumors:evidence,inferred,unknown,[EXTRACTED — REVIEW] need primary sources for dose reductions/discontinuations and whether exposure was constrained.,extracted,draft,claim_evidence_atoms.extract_atoms_from_row heuristic,2026-07-05
parsaclisib_fl:ther:0,parsaclisib_fl,therapeutic_window,PRE-DECISION CANDIDATE: PI3K-delta class toxicity concern;,refuting,1.0,low,,parsaclisib_fl:evidence,inferred,unknown,[EXTRACTED — REVIEW] PRE-DECISION CANDIDATE: PI3K-delta class toxicity concern;,extracted,draft,claim_evidence_atoms.extract_atoms_from_row heuristic,2026-07-05
parsaclisib_fl:ther:1,parsaclisib_fl,therapeutic_window,seed cited colitis/safety issues but web review here did not find sufficient primary support.,refuting,1.0,low,,parsaclisib_fl:evidence,inferred,unknown,[EXTRACTED — REVIEW] seed cited colitis/safety issues but web review here did not find sufficient primary support.,extracted,draft,claim_evidence_atoms.extract_atoms_from_row heuristic,2026-07-05
parsaclisib_fl:ther:2,parsaclisib_fl,therapeutic_window,Needs manual verification.,neutral,1.0,low,,parsaclisib_fl:evidence,inferred,unknown,[EXTRACTED — REVIEW] Needs manual verification.,extracted,draft,claim_evidence_atoms.extract_atoms_from_row heuristic,2026-07-05
venetoclax_cll_17p:ther:0,venetoclax_cll_17p,therapeutic_window,PRE-DECISION CANDIDATE: Selective BCL-2 inhibition designed to avoid BCL-xL platelet liability seen with navitoclax;,neutral,1.0,low,,venetoclax_cll_17p:evidence,inferred,unknown,[EXTRACTED — REVIEW] PRE-DECISION CANDIDATE: Selective BCL-2 inhibition designed to avoid BCL-xL platelet liability seen with navitoclax;,extracted,draft,claim_evidence_atoms.extract_atoms_from_row heuristic,2026-07-05
venetoclax_cll_17p:ther:1,venetoclax_cll_17p,therapeutic_window,dose ramp-up/TLS management enabled active exposure.,neutral,1.0,low,,venetoclax_cll_17p:evidence,inferred,unknown,[EXTRACTED — REVIEW] dose ramp-up/TLS management enabled active exposure.,extracted,draft,claim_evidence_atoms.extract_atoms_from_row heuristic,2026-07-05
venetoclax_cll_17p:ther:2,venetoclax_cll_17p,therapeutic_window,Single-arm trial showed high ORR in 17p-deleted CLL before approval.,neutral,1.0,low,,venetoclax_cll_17p:evidence,inferred,unknown,[EXTRACTED — REVIEW] Single-arm trial showed high ORR in 17p-deleted CLL before approval.,extracted,draft,claim_evidence_atoms.extract_atoms_from_row heuristic,2026-07-05
alpelisib_solar1:ther:0,alpelisib_solar1,therapeutic_window,PRE-DECISION CANDIDATE: Alpha-selective PI3K inhibitor with known hyperglycemia/rash/diarrhea;,neutral,1.0,low,,alpelisib_solar1:evidence,inferred,unknown,[EXTRACTED — REVIEW] PRE-DECISION CANDIDATE: Alpha-selective PI3K inhibitor with known hyperglycemia/rash/diarrhea;,extracted,draft,claim_evidence_atoms.extract_atoms_from_row heuristic,2026-07-05
alpelisib_solar1:ther:1,alpelisib_solar1,therapeutic_window,SOLAR-1 randomized evidence supported efficacy in PIK3CA-mutated tumors despite manageable toxicity.,refuting,1.0,low,,alpelisib_solar1:evidence,inferred,unknown,[EXTRACTED — REVIEW] SOLAR-1 randomized evidence supported efficacy in PIK3CA-mutated tumors despite manageable toxicity.,extracted,draft,claim_evidence_atoms.extract_atoms_from_row heuristic,2026-07-05
alpelisib_solar1:ther:2,alpelisib_solar1,therapeutic_window,Need label discontinuation/dose-reduction extraction.,refuting,1.0,low,,alpelisib_solar1:evidence,inferred,unknown,[EXTRACTED — REVIEW] Need label discontinuation/dose-reduction extraction.,extracted,draft,claim_evidence_atoms.extract_atoms_from_row heuristic,2026-07-05
inavolisib_inavo120:ther:0,inavolisib_inavo120,therapeutic_window,PRE-DECISION CANDIDATE: INAVO120 Phase 3 data supported inavolisib + palbociclib + fulvestrant;,neutral,1.0,low,,inavolisib_inavo120:evidence,inferred,unknown,[EXTRACTED — REVIEW] PRE-DECISION CANDIDATE: INAVO120 Phase 3 data supported inavolisib + palbociclib + fulvestrant;,extracted,draft,claim_evidence_atoms.extract_atoms_from_row heuristic,2026-07-05
inavolisib_inavo120:ther:1,inavolisib_inavo120,therapeutic_window,"adverse-event discontinuation summarized publicly as about 6%, suggesting active exposure was product-feasible.",refuting,1.0,low,,inavolisib_inavo120:evidence,inferred,unknown,"[EXTRACTED — REVIEW] adverse-event discontinuation summarized publicly as about 6%, suggesting active exposure was product-feasible.",extracted,draft,claim_evidence_atoms.extract_atoms_from_row heuristic,2026-07-05
inavolisib_inavo120:ther:2,inavolisib_inavo120,therapeutic_window,Need FDA label extraction.,neutral,1.0,low,,inavolisib_inavo120:evidence,inferred,unknown,[EXTRACTED — REVIEW] Need FDA label extraction.,extracted,draft,claim_evidence_atoms.extract_atoms_from_row heuristic,2026-07-05
capivasertib_capitello291:ther:0,capivasertib_capitello291,therapeutic_window,PRE-DECISION CANDIDATE: CAPItello-291/NEJM and public label summaries show diarrhea/rash/hyperglycemia but approval indicates manageable product-level therapeutic window with intermittent dosing.,neutral,1.0,low,,capivasertib_capitello291:evidence,inferred,unknown,[EXTRACTED — REVIEW] PRE-DECISION CANDIDATE: CAPItello-291/NEJM and public label summaries show diarrhea/rash/hyperglycemia but approval indicates manageable product-level therapeutic window with intermittent dosing.,extracted,draft,claim_evidence_atoms.extract_atoms_from_row heuristic,2026-07-05
capivasertib_capitello291:ther:1,capivasertib_capitello291,therapeutic_window,Need discontinuation/dose intensity extraction.,refuting,1.0,low,,capivasertib_capitello291:evidence,inferred,unknown,[EXTRACTED — REVIEW] Need discontinuation/dose intensity extraction.,extracted,draft,claim_evidence_atoms.extract_atoms_from_row heuristic,2026-07-05
osimertinib_t790m_nsclc:ther:0,osimertinib_t790m_nsclc,therapeutic_window,PRE-DECISION CANDIDATE: Third-generation EGFR inhibitor designed to target T790M while sparing wild-type EGFR more than earlier TKIs;,neutral,1.0,low,,osimertinib_t790m_nsclc:evidence,inferred,unknown,[EXTRACTED — REVIEW] PRE-DECISION CANDIDATE: Third-generation EGFR inhibitor designed to target T790M while sparing wild-type EGFR more than earlier TKIs;,extracted,draft,claim_evidence_atoms.extract_atoms_from_row heuristic,2026-07-05
osimertinib_t790m_nsclc:ther:1,osimertinib_t790m_nsclc,therapeutic_window,early clinical response and tolerability supported active exposure.,neutral,1.0,low,,osimertinib_t790m_nsclc:evidence,inferred,unknown,[EXTRACTED — REVIEW] early clinical response and tolerability supported active exposure.,extracted,draft,claim_evidence_atoms.extract_atoms_from_row heuristic,2026-07-05
osimertinib_t790m_nsclc:ther:2,osimertinib_t790m_nsclc,therapeutic_window,Need approval review extraction.,neutral,1.0,low,,osimertinib_t790m_nsclc:evidence,inferred,unknown,[EXTRACTED — REVIEW] Need approval review extraction.,extracted,draft,claim_evidence_atoms.extract_atoms_from_row heuristic,2026-07-05
amivantamab_chrysalis:ther:0,amivantamab_chrysalis,therapeutic_window,PRE-DECISION CANDIDATE: CHRYSALIS showed ORR around 40% with median DOR 11.1 months;,neutral,1.0,low,,amivantamab_chrysalis:evidence,inferred,unknown,[EXTRACTED — REVIEW] PRE-DECISION CANDIDATE: CHRYSALIS showed ORR around 40% with median DOR 11.1 months;,extracted,draft,claim_evidence_atoms.extract_atoms_from_row heuristic,2026-07-05
amivantamab_chrysalis:ther:1,amivantamab_chrysalis,therapeutic_window,infusion/rash/paronychia risks but exposure judged feasible for approval.,neutral,1.0,low,,amivantamab_chrysalis:evidence,inferred,unknown,[EXTRACTED — REVIEW] infusion/rash/paronychia risks but exposure judged feasible for approval.,extracted,draft,claim_evidence_atoms.extract_atoms_from_row heuristic,2026-07-05
amivantamab_chrysalis:ther:2,amivantamab_chrysalis,therapeutic_window,Need label discontinuation extraction.,refuting,1.0,low,,amivantamab_chrysalis:evidence,inferred,unknown,[EXTRACTED — REVIEW] Need label discontinuation extraction.,extracted,draft,claim_evidence_atoms.extract_atoms_from_row heuristic,2026-07-05
sotorasib_codebreak100:ther:0,sotorasib_codebreak100,therapeutic_window,PRE-DECISION CANDIDATE: Covalent KRAS G12C inhibitor with GI/hepatic toxicities but clinical activity at selected dose;,refuting,1.0,low,,sotorasib_codebreak100:evidence,inferred,unknown,[EXTRACTED — REVIEW] PRE-DECISION CANDIDATE: Covalent KRAS G12C inhibitor with GI/hepatic toxicities but clinical activity at selected dose;,extracted,draft,claim_evidence_atoms.extract_atoms_from_row heuristic,2026-07-05
sotorasib_codebreak100:ther:1,sotorasib_codebreak100,therapeutic_window,product-level exposure feasible enough for accelerated approval.,neutral,1.0,low,,sotorasib_codebreak100:evidence,inferred,unknown,[EXTRACTED — REVIEW] product-level exposure feasible enough for accelerated approval.,extracted,draft,claim_evidence_atoms.extract_atoms_from_row heuristic,2026-07-05
sotorasib_codebreak100:ther:2,sotorasib_codebreak100,therapeutic_window,Need label/dose modification extraction.,neutral,1.0,low,,sotorasib_codebreak100:evidence,inferred,unknown,[EXTRACTED — REVIEW] Need label/dose modification extraction.,extracted,draft,claim_evidence_atoms.extract_atoms_from_row heuristic,2026-07-05
adagrasib_kras_g12c_nsclc:ther:0,adagrasib_kras_g12c_nsclc,therapeutic_window,PRE-DECISION CANDIDATE: KRYSTAL-1 showed efficacy with manageable GI/hepatic/QTc safety monitoring;,neutral,1.0,low,,adagrasib_kras_g12c_nsclc:evidence,inferred,unknown,[EXTRACTED — REVIEW] PRE-DECISION CANDIDATE: KRYSTAL-1 showed efficacy with manageable GI/hepatic/QTc safety monitoring;,extracted,draft,claim_evidence_atoms.extract_atoms_from_row heuristic,2026-07-05
adagrasib_kras_g12c_nsclc:ther:1,adagrasib_kras_g12c_nsclc,therapeutic_window,active exposure feasible for accelerated approval.,neutral,1.0,low,,adagrasib_kras_g12c_nsclc:evidence,inferred,unknown,[EXTRACTED — REVIEW] active exposure feasible for accelerated approval.,extracted,draft,claim_evidence_atoms.extract_atoms_from_row heuristic,2026-07-05
adagrasib_kras_g12c_nsclc:ther:2,adagrasib_kras_g12c_nsclc,therapeutic_window,Need label dose-reduction/discontinuation extraction.,refuting,1.0,low,,adagrasib_kras_g12c_nsclc:evidence,inferred,unknown,[EXTRACTED — REVIEW] Need label dose-reduction/discontinuation extraction.,extracted,draft,claim_evidence_atoms.extract_atoms_from_row heuristic,2026-07-05
trastuzumab_deruxtecan_her2_breast:ther:0,trastuzumab_deruxtecan_her2_breast,therapeutic_window,PRE-DECISION CANDIDATE: ADC showed strong clinical activity;,neutral,1.0,low,,trastuzumab_deruxtecan_her2_breast:evidence,inferred,unknown,[EXTRACTED — REVIEW] PRE-DECISION CANDIDATE: ADC showed strong clinical activity;,extracted,draft,claim_evidence_atoms.extract_atoms_from_row heuristic,2026-07-05
trastuzumab_deruxtecan_her2_breast:ther:1,trastuzumab_deruxtecan_her2_breast,therapeutic_window,ILD/pneumonitis boxed warning is serious but dose/monitoring strategy allowed approvals/expansions.,refuting,1.0,low,,trastuzumab_deruxtecan_her2_breast:evidence,inferred,unknown,[EXTRACTED — REVIEW] ILD/pneumonitis boxed warning is serious but dose/monitoring strategy allowed approvals/expansions.,extracted,draft,claim_evidence_atoms.extract_atoms_from_row heuristic,2026-07-05
trastuzumab_deruxtecan_her2_breast:ther:2,trastuzumab_deruxtecan_her2_breast,therapeutic_window,Need pivotal trial safety table extraction.,neutral,1.0,low,,trastuzumab_deruxtecan_her2_breast:evidence,inferred,unknown,[EXTRACTED — REVIEW] Need pivotal trial safety table extraction.,extracted,draft,claim_evidence_atoms.extract_atoms_from_row heuristic,2026-07-05
enfortumab_vedotin_ev201:ther:0,enfortumab_vedotin_ev201,therapeutic_window,PRE-DECISION CANDIDATE: EV-201 ORR about 44% with neuropathy/rash/hyperglycemia risks;,neutral,1.0,low,,enfortumab_vedotin_ev201:evidence,inferred,unknown,[EXTRACTED — REVIEW] PRE-DECISION CANDIDATE: EV-201 ORR about 44% with neuropathy/rash/hyperglycemia risks;,extracted,draft,claim_evidence_atoms.extract_atoms_from_row heuristic,2026-07-05
enfortumab_vedotin_ev201:ther:1,enfortumab_vedotin_ev201,therapeutic_window,active exposure judged feasible for accelerated approval.,neutral,1.0,low,,enfortumab_vedotin_ev201:evidence,inferred,unknown,[EXTRACTED — REVIEW] active exposure judged feasible for accelerated approval.,extracted,draft,claim_evidence_atoms.extract_atoms_from_row heuristic,2026-07-05
enfortumab_vedotin_ev201:ther:2,enfortumab_vedotin_ev201,therapeutic_window,Need FDA label/review extraction.,neutral,1.0,low,,enfortumab_vedotin_ev201:evidence,inferred,unknown,[EXTRACTED — REVIEW] Need FDA label/review extraction.,extracted,draft,claim_evidence_atoms.extract_atoms_from_row heuristic,2026-07-05
polatuzumab_vedotin_dlbcl:ther:0,polatuzumab_vedotin_dlbcl,therapeutic_window,PRE-DECISION CANDIDATE: ADC plus bendamustine/rituximab showed clinical benefit with manageable cytopenia/neuropathy/infection risk;,neutral,1.0,low,,polatuzumab_vedotin_dlbcl:evidence,inferred,unknown,[EXTRACTED — REVIEW] PRE-DECISION CANDIDATE: ADC plus bendamustine/rituximab showed clinical benefit with manageable cytopenia/neuropathy/infection risk;,extracted,draft,claim_evidence_atoms.extract_atoms_from_row heuristic,2026-07-05
polatuzumab_vedotin_dlbcl:ther:1,polatuzumab_vedotin_dlbcl,therapeutic_window,exposure accepted for accelerated approval.,neutral,1.0,low,,polatuzumab_vedotin_dlbcl:evidence,inferred,unknown,[EXTRACTED — REVIEW] exposure accepted for accelerated approval.,extracted,draft,claim_evidence_atoms.extract_atoms_from_row heuristic,2026-07-05
zanubrutinib_mcl_wm_cll:ther:0,zanubrutinib_mcl_wm_cll,therapeutic_window,PRE-DECISION CANDIDATE: BTK inhibitor designed/selectivity profile with manageable hematologic/infection/bleeding risks across trials;,neutral,1.0,low,,zanubrutinib_mcl_wm_cll:evidence,inferred,unknown,[EXTRACTED — REVIEW] PRE-DECISION CANDIDATE: BTK inhibitor designed/selectivity profile with manageable hematologic/infection/bleeding risks across trials;,extracted,draft,claim_evidence_atoms.extract_atoms_from_row heuristic,2026-07-05
zanubrutinib_mcl_wm_cll:ther:1,zanubrutinib_mcl_wm_cll,therapeutic_window,active dose feasible for multiple approvals.,neutral,1.0,low,,zanubrutinib_mcl_wm_cll:evidence,inferred,unknown,[EXTRACTED — REVIEW] active dose feasible for multiple approvals.,extracted,draft,claim_evidence_atoms.extract_atoms_from_row heuristic,2026-07-05
zanubrutinib_mcl_wm_cll:ther:2,zanubrutinib_mcl_wm_cll,therapeutic_window,Need indication-specific label extraction.,neutral,1.0,low,,zanubrutinib_mcl_wm_cll:evidence,inferred,unknown,[EXTRACTED — REVIEW] Need indication-specific label extraction.,extracted,draft,claim_evidence_atoms.extract_atoms_from_row heuristic,2026-07-05
acalabrutinib_mcl_cll:ther:0,acalabrutinib_mcl_cll,therapeutic_window,PRE-DECISION CANDIDATE: More selective BTK inhibitor with headache/diarrhea and bleeding/infection risks but generally manageable at active dose;,neutral,1.0,low,,acalabrutinib_mcl_cll:evidence,inferred,unknown,[EXTRACTED — REVIEW] PRE-DECISION CANDIDATE: More selective BTK inhibitor with headache/diarrhea and bleeding/infection risks but generally manageable at active dose;,extracted,draft,claim_evidence_atoms.extract_atoms_from_row heuristic,2026-07-05
acalabrutinib_mcl_cll:ther:1,acalabrutinib_mcl_cll,therapeutic_window,approvals support held therapeutic window.,neutral,1.0,low,,acalabrutinib_mcl_cll:evidence,inferred,unknown,[EXTRACTED — REVIEW] approvals support held therapeutic window.,extracted,draft,claim_evidence_atoms.extract_atoms_from_row heuristic,2026-07-05
pirtobrutinib_mcl:ther:0,pirtobrutinib_mcl,therapeutic_window,"PRE-DECISION CANDIDATE: Non-covalent BTK inhibitor with fatigue, musculoskeletal pain, diarrhea, edema, dyspnea, pneumonia, and bruising;",neutral,1.0,low,,pirtobrutinib_mcl:evidence,inferred,unknown,"[EXTRACTED — REVIEW] PRE-DECISION CANDIDATE: Non-covalent BTK inhibitor with fatigue, musculoskeletal pain, diarrhea, edema, dyspnea, pneumonia, and bruising;",extracted,draft,claim_evidence_atoms.extract_atoms_from_row heuristic,2026-07-05
pirtobrutinib_mcl:ther:1,pirtobrutinib_mcl,therapeutic_window,active dose feasible for accelerated approval.,neutral,1.0,low,,pirtobrutinib_mcl:evidence,inferred,unknown,[EXTRACTED — REVIEW] active dose feasible for accelerated approval.,extracted,draft,claim_evidence_atoms.extract_atoms_from_row heuristic,2026-07-05
pirtobrutinib_mcl:ther:2,pirtobrutinib_mcl,therapeutic_window,Need BRUIN tables.,neutral,1.0,low,,pirtobrutinib_mcl:evidence,inferred,unknown,[EXTRACTED — REVIEW] Need BRUIN tables.,extracted,draft,claim_evidence_atoms.extract_atoms_from_row heuristic,2026-07-05
zolbetuximab_spotlight_glow:ther:0,zolbetuximab_spotlight_glow,therapeutic_window,PRE-DECISION CANDIDATE: SPOTLIGHT/GLOW trials improved PFS/OS with chemotherapy;,neutral,1.0,low,,zolbetuximab_spotlight_glow:evidence,inferred,unknown,[EXTRACTED — REVIEW] PRE-DECISION CANDIDATE: SPOTLIGHT/GLOW trials improved PFS/OS with chemotherapy;,extracted,draft,claim_evidence_atoms.extract_atoms_from_row heuristic,2026-07-05
zolbetuximab_spotlight_glow:ther:1,zolbetuximab_spotlight_glow,therapeutic_window,nausea/vomiting and infusion-related reactions common but product-level exposure feasible.,neutral,1.0,low,,zolbetuximab_spotlight_glow:evidence,inferred,unknown,[EXTRACTED — REVIEW] nausea/vomiting and infusion-related reactions common but product-level exposure feasible.,extracted,draft,claim_evidence_atoms.extract_atoms_from_row heuristic,2026-07-05
zolbetuximab_spotlight_glow:ther:2,zolbetuximab_spotlight_glow,therapeutic_window,Need label/pivotal safety extraction.,neutral,1.0,low,,zolbetuximab_spotlight_glow:evidence,inferred,unknown,[EXTRACTED — REVIEW] Need label/pivotal safety extraction.,extracted,draft,claim_evidence_atoms.extract_atoms_from_row heuristic,2026-07-05
ensartinib_exalt3:ther:0,ensartinib_exalt3,therapeutic_window,PRE-DECISION CANDIDATE: eXALT3 randomized trial vs crizotinib;,neutral,1.0,low,,ensartinib_exalt3:evidence,inferred,unknown,[EXTRACTED — REVIEW] PRE-DECISION CANDIDATE: eXALT3 randomized trial vs crizotinib;,extracted,draft,claim_evidence_atoms.extract_atoms_from_row heuristic,2026-07-05
ensartinib_exalt3:ther:1,ensartinib_exalt3,therapeutic_window,known ALK TKI safety but active dose feasible for approval.,neutral,1.0,low,,ensartinib_exalt3:evidence,inferred,unknown,[EXTRACTED — REVIEW] known ALK TKI safety but active dose feasible for approval.,extracted,draft,claim_evidence_atoms.extract_atoms_from_row heuristic,2026-07-05
ensartinib_exalt3:ther:2,ensartinib_exalt3,therapeutic_window,Need label safety/dose modification extraction.,neutral,1.0,low,,ensartinib_exalt3:evidence,inferred,unknown,[EXTRACTED — REVIEW] Need label safety/dose modification extraction.,extracted,draft,claim_evidence_atoms.extract_atoms_from_row heuristic,2026-07-05
lorlatinib_alk_nsclc:ther:0,lorlatinib_alk_nsclc,therapeutic_window,PRE-DECISION CANDIDATE: CNS-penetrant ALK inhibitor with neurocognitive/lipid adverse effects but active dose feasible with monitoring;,neutral,1.0,low,,lorlatinib_alk_nsclc:evidence,inferred,unknown,[EXTRACTED — REVIEW] PRE-DECISION CANDIDATE: CNS-penetrant ALK inhibitor with neurocognitive/lipid adverse effects but active dose feasible with monitoring;,extracted,draft,claim_evidence_atoms.extract_atoms_from_row heuristic,2026-07-05
lorlatinib_alk_nsclc:ther:1,lorlatinib_alk_nsclc,therapeutic_window,approved in ALK-positive NSCLC.,neutral,1.0,low,,lorlatinib_alk_nsclc:evidence,inferred,unknown,[EXTRACTED — REVIEW] approved in ALK-positive NSCLC.,extracted,draft,claim_evidence_atoms.extract_atoms_from_row heuristic,2026-07-05
lorlatinib_alk_nsclc:ther:2,lorlatinib_alk_nsclc,therapeutic_window,Need FDA label extraction.,neutral,1.0,low,,lorlatinib_alk_nsclc:evidence,inferred,unknown,[EXTRACTED — REVIEW] Need FDA label extraction.,extracted,draft,claim_evidence_atoms.extract_atoms_from_row heuristic,2026-07-05
selpercatinib_ret:ther:0,selpercatinib_ret,therapeutic_window,PRE-DECISION CANDIDATE: Selective RET inhibitor showed high response rates with manageable hypertension/LFT/QT risks;,neutral,1.0,low,,selpercatinib_ret:evidence,inferred,unknown,[EXTRACTED — REVIEW] PRE-DECISION CANDIDATE: Selective RET inhibitor showed high response rates with manageable hypertension/LFT/QT risks;,extracted,draft,claim_evidence_atoms.extract_atoms_from_row heuristic,2026-07-05
selpercatinib_ret:ther:1,selpercatinib_ret,therapeutic_window,active dose feasible for tissue-specific approvals.,neutral,1.0,low,,selpercatinib_ret:evidence,inferred,unknown,[EXTRACTED — REVIEW] active dose feasible for tissue-specific approvals.,extracted,draft,claim_evidence_atoms.extract_atoms_from_row heuristic,2026-07-05
selpercatinib_ret:ther:2,selpercatinib_ret,therapeutic_window,Need label extraction.,neutral,1.0,low,,selpercatinib_ret:evidence,inferred,unknown,[EXTRACTED — REVIEW] Need label extraction.,extracted,draft,claim_evidence_atoms.extract_atoms_from_row heuristic,2026-07-05
tucatinib_her2climb:ther:0,tucatinib_her2climb,therapeutic_window,PRE-DECISION CANDIDATE: HER2CLIMB supported efficacy including CNS disease;,neutral,1.0,low,,tucatinib_her2climb:evidence,inferred,unknown,[EXTRACTED — REVIEW] PRE-DECISION CANDIDATE: HER2CLIMB supported efficacy including CNS disease;,extracted,draft,claim_evidence_atoms.extract_atoms_from_row heuristic,2026-07-05
tucatinib_her2climb:ther:1,tucatinib_her2climb,therapeutic_window,diarrhea/hepatotoxicity risks manageable in combination regimen.,refuting,1.0,low,,tucatinib_her2climb:evidence,inferred,unknown,[EXTRACTED — REVIEW] diarrhea/hepatotoxicity risks manageable in combination regimen.,extracted,draft,claim_evidence_atoms.extract_atoms_from_row heuristic,2026-07-05
tucatinib_her2climb:ther:2,tucatinib_her2climb,therapeutic_window,Need label extraction.,neutral,1.0,low,,tucatinib_her2climb:evidence,inferred,unknown,[EXTRACTED — REVIEW] Need label extraction.,extracted,draft,claim_evidence_atoms.extract_atoms_from_row heuristic,2026-07-05
