ticker,company_role,event_type,direction,confidence,materiality,novelty,source_type,published_date,source_url,event_cluster_id,human_review_required,score_deltas,raw_text
RVMD,target,trial_discontinuation,negative,0.969,0.385,0.65,clinicaltrials_gov,2026-07-16,https://clinicaltrials.gov/api/v2/studies/NCT02573519,8d05b8c8e969,False,"{'asset_quality': -0.25785874999999997, 'seller_willingness': 0.11499999999999999}",RVMD NA trial discontinued terminated withdrawn Gastrointestinal Motility Among Diabetes Patients NCT02573519
MRUS,target,trial_discontinuation,negative,0.969,0.385,0.65,clinicaltrials_gov,2026-07-16,https://clinicaltrials.gov/api/v2/studies/NCT05588609,71b73762b9e9,False,"{'asset_quality': -0.271788125, 'seller_willingness': 0.1261435}",MRUS Phase 2 trial discontinued terminated withdrawn Study Evaluating Zenocutuzumab in Patients With or Without Molecularly Defined Cancers NCT05588609
IOVA,target,trial_discontinuation,negative,0.969,0.385,0.65,clinicaltrials_gov,2026-07-16,https://clinicaltrials.gov/api/v2/studies/NCT06190249,e3315a6beb3e,False,"{'asset_quality': -0.32072982499999997, 'seller_willingness': 0.06899999999999999}",IOVA Phase 1 trial discontinued terminated withdrawn Efficacy & Safety for LN144 With Pembrolizumab With High Risk Stage IIIb-dResectable Melanoma NCT06190249
IOVA,target,trial_discontinuation,negative,0.969,0.385,0.65,clinicaltrials_gov,2026-07-16,https://clinicaltrials.gov/api/v2/studies/NCT03645928,7fae245d3c23,False,"{'asset_quality': -0.271788125, 'seller_willingness': 0.1261435}",IOVA Phase 2 trial discontinued terminated withdrawn Study of Autologous Tumor Infiltrating Lymphocytes in Patients With Solid Tumors NCT03645928
CLDX,target,trial_discontinuation,negative,0.969,0.385,0.65,clinicaltrials_gov,2026-07-16,https://clinicaltrials.gov/api/v2/studies/NCT04536077,2c96a33b362d,False,"{'asset_quality': -0.271788125, 'seller_willingness': 0.1261435}",CLDX Phase 2 trial discontinued terminated withdrawn Immunologic Effects of CDX-301 and CDX-1140 in Resectable Pancreatic Cancer Patients NCT04536077
CLDX,target,trial_discontinuation,negative,0.969,0.385,0.65,clinicaltrials_gov,2026-07-16,https://clinicaltrials.gov/api/v2/studies/NCT02837991,e3cece2b2861,False,"{'asset_quality': -0.32072982499999997, 'seller_willingness': 0.06899999999999999}","CLDX Phase 1 trial discontinued terminated withdrawn A Dose Escalation, Safety and Activity Study of CDX-014 in Patients With Renal Cell Carcinoma and Ovarian Clear Cell Carcinoma NCT02837991"
REPL,target,trial_discontinuation,negative,0.969,0.385,0.65,clinicaltrials_gov,2026-07-16,https://clinicaltrials.gov/api/v2/studies/NCT06067061,6f639ab12236,False,"{'asset_quality': -0.271788125, 'seller_willingness': 0.1261435}","REPL Phase 1 Phase 2 trial discontinued terminated withdrawn ""neoBREASTIM"": Atezolizumab Plus RP1 Oncolytic Immunotherapy in the NeoAdjuvant Setting of Triple-Negative Breast Cancer NCT06067061"
RLAY,target,trial_discontinuation,negative,0.969,0.385,0.65,clinicaltrials_gov,2026-07-16,https://clinicaltrials.gov/api/v2/studies/NCT07336355,f26c51dad91c,False,"{'asset_quality': -0.25785874999999997, 'seller_willingness': 0.11499999999999999}",RLAY NA trial discontinued terminated withdrawn Feasibility of an Analgesic Device Enabling Local Anesthetic Delivery and Neuromodulation After Knee Surgery NCT07336355
TGTX,target,trial_discontinuation,negative,0.969,0.385,0.65,clinicaltrials_gov,2026-07-16,https://clinicaltrials.gov/api/v2/studies/NCT04635683,f696f81d50f5,False,"{'asset_quality': -0.24671525, 'seller_willingness': 0.11499999999999999}","TGTX Phase 1 trial discontinued terminated withdrawn Lenalidomide, Umbralisib, and Ublituximab for the Treatment of Relapsed or Refractory Indolent Non-Hodgkin Lymphoma or Mantle Cell Lymphoma NCT0463"
TGTX,target,clinical_negative_ph3,negative,0.969,1.0,0.7,clinicaltrials_gov,2026-07-16,https://clinicaltrials.gov/api/v2/studies/NCT02793583,15d80099d1c3,True,"{'asset_quality': -0.37374999999999997, 'seller_willingness': 0.0823722}",TGTX Phase 2 Phase 3 trial discontinued terminated withdrawn Study to Assess the Efficacy and Safety of Ublituximab + Umbralisib With or Without Bendamustine and Umbralisib Alone in Patients With Prev
TGTX,target,trial_discontinuation,negative,0.969,0.385,0.65,clinicaltrials_gov,2026-07-16,https://clinicaltrials.gov/api/v2/studies/NCT03207256,497467e72e92,False,"{'asset_quality': -0.271788125, 'seller_willingness': 0.1261435}",TGTX Phase 2 trial discontinued terminated withdrawn Extension Trial of Ublituximab and TGR-1202 in Combination or as Single Agents in Subjects Currently Receiving Treatment on Ublituximab and/or TGR-
TGTX,target,trial_discontinuation,negative,0.969,0.385,0.65,clinicaltrials_gov,2026-07-16,https://clinicaltrials.gov/api/v2/studies/NCT02656303,497467e72e92,False,"{'asset_quality': -0.3533245625, 'seller_willingness': 0.0756861}",TGTX Phase 2 trial discontinued terminated withdrawn A Study to Evaluate the Safety and Efficacy of Ublituximab in Combination With Umbralisib for Participants Previously Enrolled in Protocol UTX-TGR-
TGTX,target,trial_discontinuation,negative,0.969,0.385,0.65,clinicaltrials_gov,2026-07-16,https://clinicaltrials.gov/api/v2/studies/NCT03778073,f696f81d50f5,False,"{'asset_quality': -0.24671525, 'seller_willingness': 0.11499999999999999}",TGTX Phase 1 trial discontinued terminated withdrawn Study of Cosibelimab in Subjects With Relapsed or Refractory Lymphoma NCT03778073
TGTX,target,trial_discontinuation,negative,0.969,0.385,0.65,clinicaltrials_gov,2026-07-16,https://clinicaltrials.gov/api/v2/studies/NCT03828448,497467e72e92,False,"{'asset_quality': -0.271788125, 'seller_willingness': 0.1261435}",TGTX Phase 2 trial discontinued terminated withdrawn Study to Assess Umbralisib Plus Ublituximab in Participants With Treatment Naïve Follicular Lymphoma NCT03828448
TGTX,target,trial_discontinuation,negative,0.969,0.385,0.65,clinicaltrials_gov,2026-07-16,https://clinicaltrials.gov/api/v2/studies/NCT04806035,f696f81d50f5,False,"{'asset_quality': -0.24671525, 'seller_willingness': 0.11499999999999999}",TGTX Phase 1 trial discontinued terminated withdrawn Study of TG-1801 Alone or in Combination With Ublituximab in Subjects With B-Cell Lymphoma or Chronic Lymphocytic Leukemia NCT04806035
TGTX,target,trial_discontinuation,negative,0.969,0.385,0.65,clinicaltrials_gov,2026-07-16,https://clinicaltrials.gov/api/v2/studies/NCT04149821,497467e72e92,False,"{'asset_quality': -0.271788125, 'seller_willingness': 0.1261435}",TGTX Phase 2 trial discontinued terminated withdrawn Umbralisib Plus Ublituximab (U2) in Progressive CLL After Novel Therapy NCT04149821
TGTX,target,trial_discontinuation,negative,0.969,0.385,0.65,clinicaltrials_gov,2026-07-16,https://clinicaltrials.gov/api/v2/studies/NCT05152459,497467e72e92,False,"{'asset_quality': -0.271788125, 'seller_willingness': 0.1261435}",TGTX Phase 1 Phase 2 trial discontinued terminated withdrawn Tazemetostat in Combination With Umbralisib and Ublituximab for the Treatment Relapsed or Refractory Follicular Lymphoma NCT05152459
YMAB,target,trial_discontinuation,negative,0.969,0.385,0.65,clinicaltrials_gov,2026-07-16,https://clinicaltrials.gov/api/v2/studies/NCT04560166,87620cfc8392,False,"{'asset_quality': -0.271788125, 'seller_willingness': 0.1261435}",YMAB Phase 2 trial discontinued terminated withdrawn Naxitamab and GM-CSF in Combination With IT in Patients With High-Risk Neuroblastoma NCT04560166
YMAB,target,trial_discontinuation,negative,0.969,0.385,0.65,clinicaltrials_gov,2026-07-16,https://clinicaltrials.gov/api/v2/studies/NCT04909515,87620cfc8392,False,"{'asset_quality': -0.271788125, 'seller_willingness': 0.1261435}",YMAB Phase 2 trial discontinued terminated withdrawn Naxitamab and Granulocyte-Macrophage Colony Stimulating Factor (GMCSF) and Isotretinoin for Consolidation of Patients With High-Risk Neuroblastoma 
LNTH,target,trial_discontinuation,negative,0.969,0.385,0.65,clinicaltrials_gov,2026-07-16,https://clinicaltrials.gov/api/v2/studies/NCT06881823,e61758b4308a,False,"{'asset_quality': -0.271788125, 'seller_willingness': 0.1261435}",LNTH Phase 1 Phase 2 trial discontinued terminated withdrawn Study to Assess [177Lu]Lu-PSMA-R2 (AAA602) and [225Ac]Ac-PSMA-R2 (AAA802) in Participants With PSMA-positive HRLPC NCT06881823
LNTH,target,clinical_negative_ph3,negative,0.969,1.0,0.7,clinicaltrials_gov,2026-07-16,https://clinicaltrials.gov/api/v2/studies/NCT07084909,72932b8d8c01,True,"{'asset_quality': -0.2875, 'seller_willingness': 0.137287}","LNTH Phase 2 Phase 3 trial discontinued terminated withdrawn Piflufolastat F 18 PET/CT in Patients With Suspected, or at High Risk for Metastatic ccRCC NCT07084909"
LNTH,target,trial_discontinuation,negative,0.969,0.385,0.65,clinicaltrials_gov,2026-07-16,https://clinicaltrials.gov/api/v2/studies/NCT05568537,0e5dff3d3bd9,False,"{'asset_quality': -0.25785874999999997, 'seller_willingness': 0.11499999999999999}",LNTH Phase 4 trial discontinued terminated withdrawn Prostate MRI and Pylarify PSMA PET/CT NCT05568537
LNTH,target,trial_discontinuation,negative,0.969,0.385,0.65,clinicaltrials_gov,2026-07-16,https://clinicaltrials.gov/api/v2/studies/NCT06361810,e61758b4308a,False,"{'asset_quality': -0.271788125, 'seller_willingness': 0.1261435}",LNTH Phase 1 Phase 2 trial discontinued terminated withdrawn PSMA Therapy and Immunotherapy in Kidney Cancer NCT06361810
BEAM,target,trial_discontinuation,negative,0.969,0.385,0.65,clinicaltrials_gov,2026-07-16,https://clinicaltrials.gov/api/v2/studies/NCT03396471,978aa957f3a1,False,"{'asset_quality': -0.271788125, 'seller_willingness': 0.1261435}",BEAM Phase 2 trial discontinued terminated withdrawn Study of Pembrolizumab and Concurrent Radiation in Patients With Previously Treated Carcinoma of Unknown Primary NCT03396471
BEAM,target,trial_discontinuation,negative,0.969,0.385,0.65,clinicaltrials_gov,2026-07-16,https://clinicaltrials.gov/api/v2/studies/NCT00118300,cb8948db6a17,False,"{'asset_quality': -0.24671525, 'seller_willingness': 0.11499999999999999}",BEAM Phase 1 trial discontinued terminated withdrawn Capecitabine and Radiation Therapy in Treating Patients With Locally Advanced Cervical Cancer or Other Pelvic Cancer NCT00118300
BEAM,target,trial_discontinuation,negative,0.969,0.385,0.65,clinicaltrials_gov,2026-07-16,https://clinicaltrials.gov/api/v2/studies/NCT04041141,bdc68f26b162,False,"{'asset_quality': -0.25785874999999997, 'seller_willingness': 0.11499999999999999}",BEAM  trial discontinued terminated withdrawn Oral Stent Device for Radiation Treatments of Oral Cancers NCT04041141
RCKT,target,trial_discontinuation,negative,0.969,0.385,0.65,clinicaltrials_gov,2026-07-16,https://clinicaltrials.gov/api/v2/studies/NCT03825783,80a76980cecc,False,"{'asset_quality': -0.32072982499999997, 'seller_willingness': 0.06899999999999999}",RCKT Phase 1 trial discontinued terminated withdrawn A Gene Therapy Trial to Evaluate the Safety and Efficacy of RP-L201 in Subjects With Leukocyte Adhesion Deficiency-I NCT03825783
CRSP,target,trial_discontinuation,negative,0.969,0.385,0.65,clinicaltrials_gov,2026-07-16,https://clinicaltrials.gov/api/v2/studies/NCT05565248,f8002ddf1294,False,"{'asset_quality': -0.32072982499999997, 'seller_willingness': 0.05175}","CRSP Phase 1 trial discontinued terminated withdrawn An Open-Label, FIH Study Evaluating the Safety, Tolerability, and Efficacy of VCTX211 Combination Product in Subjects With T1D NCT05565248"
CRSP,target,trial_discontinuation,negative,0.969,0.385,0.65,clinicaltrials_gov,2026-07-16,https://clinicaltrials.gov/api/v2/studies/NCT04535505,140b37429b07,False,"{'asset_quality': -0.25785874999999997, 'seller_willingness': 0.11499999999999999}",CRSP  trial discontinued terminated withdrawn Pathogenic Bordetella Rapid Detection NCT04535505
CRSP,target,trial_discontinuation,negative,0.969,0.385,0.65,clinicaltrials_gov,2026-07-16,https://clinicaltrials.gov/api/v2/studies/NCT04535648,140b37429b07,False,"{'asset_quality': -0.25785874999999997, 'seller_willingness': 0.11499999999999999}",CRSP  trial discontinued terminated withdrawn Detection of Enterovirus Genotypes by CRISPR Technology NCT04535648
RARE,target,trial_discontinuation,negative,0.969,0.385,0.65,clinicaltrials_gov,2026-07-16,https://clinicaltrials.gov/api/v2/studies/NCT03216486,ecbf2a593908,False,"{'asset_quality': -0.271788125, 'seller_willingness': 0.1261435}","RARE Phase 2 trial discontinued terminated withdrawn An Exploratory Study of BPS804 Treatment in Adult Patients With Type I, III or IV Osteogenesis Imperfecta NCT03216486"
RARE,target,trial_discontinuation,negative,0.969,0.385,0.65,clinicaltrials_gov,2026-07-16,https://clinicaltrials.gov/api/v2/studies/NCT01806610,ecbf2a593908,False,"{'asset_quality': -0.3533245625, 'seller_willingness': 0.0756861}",RARE Phase 2 trial discontinued terminated withdrawn Study of Safety and Tolerability of BPS804 in Patients With Late-stage Chronic Kidney Disease NCT01806610
RARE,target,trial_discontinuation,negative,0.969,0.385,0.65,clinicaltrials_gov,2026-07-16,https://clinicaltrials.gov/api/v2/studies/NCT05312697,ecbf2a593908,False,"{'asset_quality': -0.271788125, 'seller_willingness': 0.1261435}","RARE Phase 2 trial discontinued terminated withdrawn Long-term Extension Study of Setrusumab in Adults With Type I, III, or IV Osteogenesis Imperfecta NCT05312697"
IONS,target,trial_discontinuation,negative,0.969,0.385,0.65,clinicaltrials_gov,2026-07-16,https://clinicaltrials.gov/api/v2/studies/NCT05259072,ce94e5be1be3,False,"{'asset_quality': -0.25785874999999997, 'seller_willingness': 0.11499999999999999}",IONS  trial discontinued terminated withdrawn carDIo-ttranSSfOrm nucLEar Imaging Study NCT05259072
BMRN,target,trial_discontinuation,negative,0.969,0.385,0.65,clinicaltrials_gov,2026-07-16,https://clinicaltrials.gov/api/v2/studies/NCT06597656,ee26eb607dbe,False,"{'asset_quality': -0.32072982499999997, 'seller_willingness': 0.06899999999999999}",BMRN Phase 1 trial discontinued terminated withdrawn A Gene Transfer Therapy to Evaluate the Safety and Efficacy of Delandistrogene Moxeparvovec (SRP-9001) Following Therapeutic Plasma Exchange (Plasm
BMRN,target,trial_discontinuation,negative,0.969,0.385,0.65,clinicaltrials_gov,2026-07-16,https://clinicaltrials.gov/api/v2/studies/NCT06241950,ee26eb607dbe,False,"{'asset_quality': -0.32072982499999997, 'seller_willingness': 0.06899999999999999}",BMRN Phase 1 trial discontinued terminated withdrawn A Gene Transfer Therapy Study to Evaluate the Safety and Efficacy of Delandistrogene Moxeparvovec (SRP-9001) Following Imlifidase Infusion in Parti
BMRN,target,trial_discontinuation,negative,0.969,0.385,0.65,clinicaltrials_gov,2026-07-16,https://clinicaltrials.gov/api/v2/studies/NCT01957059,b02a24ceafe8,False,"{'asset_quality': -0.271788125, 'seller_willingness': 0.1261435}",BMRN Phase 1 Phase 2 trial discontinued terminated withdrawn A Phase I/II Study of BMN053 in Subjects With Duchenne Muscular Dystrophy (DMD) NCT01957059
BMRN,target,trial_discontinuation,negative,0.969,0.385,0.65,clinicaltrials_gov,2026-07-16,https://clinicaltrials.gov/api/v2/studies/NCT01412437,4d5e119ec196,False,"{'asset_quality': -0.25785874999999997, 'seller_willingness': 0.11499999999999999}",BMRN NA trial discontinued terminated withdrawn Neuroimaging and Neurocognitive Assessment and Response to Sapropterin Dihydrochloride Treatment in Phenylketonuria NCT01412437
PTCT,target,trial_discontinuation,negative,0.969,0.385,0.65,clinicaltrials_gov,2026-07-16,https://clinicaltrials.gov/api/v2/studies/NCT01009294,068f772964be,False,"{'asset_quality': -0.271788125, 'seller_willingness': 0.1261435}",PTCT Phase 2 trial discontinued terminated withdrawn Study of Ataluren (PTC124) in Nonambulatory Participants With Nonsense-Mutation-Mediated Duchenne/Becker Muscular Dystrophy (nmDMD/BMD) NCT01009294
PTCT,target,trial_discontinuation,negative,0.969,0.385,0.65,clinicaltrials_gov,2026-07-16,https://clinicaltrials.gov/api/v2/studies/NCT04117880,068f772964be,False,"{'asset_quality': -0.271788125, 'seller_willingness': 0.094607625}",PTCT Phase 2 trial discontinued terminated withdrawn A Phase 2 Open Label Extension Study in Participants With Nonsense Mutation Aniridia NCT04117880
PTCT,target,clinical_negative_ph3,negative,0.969,1.0,0.7,clinicaltrials_gov,2026-07-16,https://clinicaltrials.gov/api/v2/studies/NCT02107859,99d58f66d44c,True,"{'asset_quality': -0.2875, 'seller_willingness': 0.137287}",PTCT Phase 3 trial discontinued terminated withdrawn Study of Ataluren (PTC124) in Cystic Fibrosis NCT02107859
PTCT,target,trial_discontinuation,negative,0.969,0.385,0.65,clinicaltrials_gov,2026-07-16,https://clinicaltrials.gov/api/v2/studies/NCT01141075,068f772964be,False,"{'asset_quality': -0.271788125, 'seller_willingness': 0.1261435}",PTCT Phase 2 trial discontinued terminated withdrawn Ataluren for Nonsense Mutation Methylmalonic Acidemia NCT01141075
PTCT,target,clinical_negative_ph3,negative,0.969,1.0,0.7,clinicaltrials_gov,2026-07-16,https://clinicaltrials.gov/api/v2/studies/NCT02456103,99d58f66d44c,True,"{'asset_quality': -0.2875, 'seller_willingness': 0.137287}",PTCT Phase 3 trial discontinued terminated withdrawn Extension Study of Ataluren in Participants With Nonsense Mutation Cystic Fibrosis NCT02456103
PTCT,target,trial_discontinuation,negative,0.969,0.385,0.65,clinicaltrials_gov,2026-07-16,https://clinicaltrials.gov/api/v2/studies/NCT03598907,61a449c52cb7,False,"{'asset_quality': -0.25785874999999997, 'seller_willingness': 0.11499999999999999}",PTCT  trial discontinued terminated withdrawn Point-of-care Management of Coagulopathy in Lung Transplantation NCT03598907
PTCT,target,trial_discontinuation,negative,0.969,0.385,0.65,clinicaltrials_gov,2026-07-16,https://clinicaltrials.gov/api/v2/studies/NCT01838642,068f772964be,False,"{'asset_quality': -0.271788125, 'seller_willingness': 0.1261435}",PTCT Phase 2 trial discontinued terminated withdrawn Ponatinib for Advanced Medullary Thyroid Cancer NCT01838642
FOLD,target,trial_discontinuation,negative,0.969,0.385,0.65,clinicaltrials_gov,2026-07-16,https://clinicaltrials.gov/api/v2/studies/NCT00526071,2746dfe16ac8,False,"{'asset_quality': -0.3533245625, 'seller_willingness': 0.056764575}",FOLD Phase 2 trial discontinued terminated withdrawn Open-label Long-term Safety Study of AT1001 (Migalastat Hydrochloride) in Participants With Fabry Disease Who Have Completed a Previous AT1001 Stud
FOLD,target,clinical_negative_ph3,negative,0.969,1.0,0.7,clinicaltrials_gov,2026-07-16,https://clinicaltrials.gov/api/v2/studies/NCT02670330,c4726bd9aae7,True,"{'asset_quality': -0.37374999999999997, 'seller_willingness': 0.061779150000000005}",FOLD Phase 3 trial discontinued terminated withdrawn Open Label Extension Study to Evaluate the Long-term Safety of Zorblisa (SD-101-6.0) in Patients With Epidermolysis Bullosa NCT02670330
FOLD,target,trial_discontinuation,negative,0.969,0.385,0.65,clinicaltrials_gov,2026-07-16,https://clinicaltrials.gov/api/v2/studies/NCT00688597,2746dfe16ac8,False,"{'asset_quality': -0.3533245625, 'seller_willingness': 0.0756861}",FOLD Phase 2 trial discontinued terminated withdrawn Study to Evaluate the Safety of AT2220 (Duvoglustat) in Pompe Disease NCT00688597
FOLD,target,trial_discontinuation,negative,0.969,0.385,0.65,clinicaltrials_gov,2026-07-16,https://clinicaltrials.gov/api/v2/studies/NCT02090283,2746dfe16ac8,False,"{'asset_quality': -0.3533245625, 'seller_willingness': 0.056764575}",FOLD Phase 2 trial discontinued terminated withdrawn Open-Label Extension Study to Evaluate the Safety of SD-101 Cream in Participants With Epidermolysis Bullosa NCT02090283
FOLD,target,clinical_negative_ph3,negative,0.969,1.0,0.7,clinicaltrials_gov,2026-07-16,https://clinicaltrials.gov/api/v2/studies/NCT01458119,c4726bd9aae7,True,"{'asset_quality': -0.37374999999999997, 'seller_willingness': 0.061779150000000005}",FOLD Phase 3 trial discontinued terminated withdrawn Open-Label Phase 3 Long-Term Safety Study of Migalastat NCT01458119
KNSA,target,trial_discontinuation,negative,0.969,0.385,0.65,clinicaltrials_gov,2026-07-16,https://clinicaltrials.gov/api/v2/studies/NCT00609544,d053e1eb588b,False,"{'asset_quality': -0.3533245625, 'seller_willingness': 0.0756861}",KNSA Phase 2 trial discontinued terminated withdrawn Study of the Safety and Effectiveness of Rilonacept (IL-1 Trap) Administered Subcutaneously in Subjects With Non Dialysis-Dependent Chronic Kidney 
KNSA,target,clinical_negative_ph3,negative,0.969,1.0,0.7,clinicaltrials_gov,2026-07-16,https://clinicaltrials.gov/api/v2/studies/NCT01459796,f823206f3a1d,True,"{'asset_quality': -0.37374999999999997, 'seller_willingness': 0.0823722}",KNSA Phase 3 trial discontinued terminated withdrawn Study of the Safety and Efficacy of Long-Term Rilonacept Treatment for the Prevention of Gout Flares NCT01459796
PRTA,target,clinical_negative_ph3,negative,0.969,1.0,0.7,clinicaltrials_gov,2026-07-16,https://clinicaltrials.gov/api/v2/studies/NCT04973137,309cd269dfb2,True,"{'asset_quality': -0.37374999999999997, 'seller_willingness': 0.0823722}",PRTA Phase 3 trial discontinued terminated withdrawn A Study to Evaluate the Efficacy and Safety of Birtamimab in Mayo Stage IV Patients With AL Amyloidosis NCT04973137
PRTA,target,clinical_negative_ph3,negative,0.969,1.0,0.7,clinicaltrials_gov,2026-07-16,https://clinicaltrials.gov/api/v2/studies/NCT02312206,309cd269dfb2,True,"{'asset_quality': -0.37374999999999997, 'seller_willingness': 0.0823722}","PRTA Phase 3 trial discontinued terminated withdrawn The VITAL Amyloidosis Study, a Global Phase 3, Efficacy and Safety Study of NEOD001 in Patients With AL Amyloidosis NCT02312206"
PRTA,target,trial_discontinuation,negative,0.969,0.385,0.65,clinicaltrials_gov,2026-07-16,https://clinicaltrials.gov/api/v2/studies/NCT03168906,8c070c64cbf3,False,"{'asset_quality': -0.271788125, 'seller_willingness': 0.1261435}",PRTA Phase 2 trial discontinued terminated withdrawn Renal AL Amyloid Involvement and NEOD001 NCT03168906
PRTA,target,trial_discontinuation,negative,0.969,0.385,0.65,clinicaltrials_gov,2026-07-16,https://clinicaltrials.gov/api/v2/studies/NCT02613182,8c070c64cbf3,False,"{'asset_quality': -0.271788125, 'seller_willingness': 0.094607625}",PRTA Phase 2 trial discontinued terminated withdrawn Open-label Extension Study of NEOD001 in Subjects With Light Chain (AL) Amyloidosis NCT02613182
PRTA,target,trial_discontinuation,negative,0.969,0.385,0.65,clinicaltrials_gov,2026-07-16,https://clinicaltrials.gov/api/v2/studies/NCT03154047,8c070c64cbf3,False,"{'asset_quality': -0.271788125, 'seller_willingness': 0.1261435}",PRTA Phase 2 trial discontinued terminated withdrawn Study in Subjects With Light Chain (AL) Amyloidosis NCT03154047
LRMR,target,trial_discontinuation,negative,0.969,0.385,0.65,clinicaltrials_gov,2026-07-16,https://clinicaltrials.gov/api/v2/studies/NCT06681766,0106654c0300,False,"{'asset_quality': -0.24671525, 'seller_willingness': 0.11499999999999999}",LRMR Phase 1 trial discontinued terminated withdrawn A Study to Assess Nomlabofusp in Adolescents and Children With Friedreich's Ataxia NCT06681766
IMVT,target,clinical_negative_ph3,negative,0.969,1.0,0.7,clinicaltrials_gov,2026-07-16,https://clinicaltrials.gov/api/v2/studies/NCT05517447,aa8534d4855d,True,"{'asset_quality': -0.2875, 'seller_willingness': 0.137287}",IMVT Phase 3 trial discontinued terminated withdrawn Extension Study to Assess Batoclimab in Participants With Thyroid Eye Disease NCT05517447
ARQT,target,trial_discontinuation,negative,0.969,0.385,0.65,clinicaltrials_gov,2026-07-16,https://clinicaltrials.gov/api/v2/studies/NCT00746382,1da82944df4a,False,"{'asset_quality': -0.271788125, 'seller_willingness': 0.1261435}",ARQT Phase 2 trial discontinued terminated withdrawn A Placebo Controlled 4 Week Proof of Concept Study With 0.5% Roflumilast Cream in Patients With Mild Atopic Dermatitis (RO-2351-001-EM) NCT00746382
ARQT,target,trial_discontinuation,negative,0.969,0.385,0.65,clinicaltrials_gov,2026-07-16,https://clinicaltrials.gov/api/v2/studies/NCT00746434,1da82944df4a,False,"{'asset_quality': -0.271788125, 'seller_willingness': 0.1261435}",ARQT Phase 2 trial discontinued terminated withdrawn A Proof of Concept Study With 0.5% Roflumilast Cream in Patients With Mild to Moderate Plaque Psoriasis NCT00746434
NKTR,target,trial_discontinuation,negative,0.969,0.385,0.65,clinicaltrials_gov,2026-07-16,https://clinicaltrials.gov/api/v2/studies/NCT04677179,84f58785f89c,False,"{'asset_quality': -0.271788125, 'seller_willingness': 0.1261435}",NKTR Phase 2 trial discontinued terminated withdrawn A Study of LY3471851 in Adult Participants With Moderately to Severely Active Ulcerative Colitis (UC) NCT04677179
ALXO,target,trial_discontinuation,negative,0.969,0.385,0.65,clinicaltrials_gov,2026-07-16,https://clinicaltrials.gov/api/v2/studies/NCT04417517,1796e644da59,False,"{'asset_quality': -0.24671525, 'seller_willingness': 0.11499999999999999}",ALXO Phase 1 trial discontinued terminated withdrawn A Study of Evorpacept (ALX148) With Azacitidine for Higher Risk Myelodysplastic Syndrome (ASPEN-02) NCT04417517
ALXO,target,trial_discontinuation,negative,0.969,0.385,0.65,clinicaltrials_gov,2026-07-16,https://clinicaltrials.gov/api/v2/studies/NCT04755244,1796e644da59,False,"{'asset_quality': -0.24671525, 'seller_willingness': 0.11499999999999999}",ALXO Phase 1 trial discontinued terminated withdrawn A Study of Evorpacept (ALX148) With Venetoclax and Azacitidine for Acute Myeloid Leukemia (ASPEN-05) NCT04755244
ACAD,target,trial_discontinuation,negative,0.969,0.385,0.65,clinicaltrials_gov,2026-07-16,https://clinicaltrials.gov/api/v2/studies/NCT03152292,f1d71cbe1fa0,False,"{'asset_quality': -0.25785874999999997, 'seller_willingness': 0.11499999999999999}",ACAD  trial discontinued terminated withdrawn The INSYTE (Management of Parkinson's Disease Psychosis in Actual Practice) Study NCT03152292
ACAD,target,trial_discontinuation,negative,0.969,0.385,0.65,clinicaltrials_gov,2026-07-16,https://clinicaltrials.gov/api/v2/studies/NCT02992132,63b98cb07820,False,"{'asset_quality': -0.3533245625, 'seller_willingness': 0.0756861}",ACAD Phase 2 trial discontinued terminated withdrawn Study to Examine the Safety and Efficacy of Pimavanserin for the Treatment of Agitation and Aggression in Alzheimer's Disease (SERENE) NCT02992132
ACAD,target,clinical_negative_ph3,negative,0.969,1.0,0.7,clinicaltrials_gov,2026-07-16,https://clinicaltrials.gov/api/v2/studies/NCT05555615,b4f5f5ba8831,True,"{'asset_quality': -0.2875, 'seller_willingness': 0.137287}",ACAD Phase 2 Phase 3 trial discontinued terminated withdrawn Extension Study of Pimavanserin in Irritability Associated With Autism Spectrum Disorder NCT05555615
SAGE,target,clinical_negative_ph3,negative,0.969,1.0,0.7,clinicaltrials_gov,2026-07-16,https://clinicaltrials.gov/api/v2/studies/NCT04007367,6cb5bc5612fb,True,"{'asset_quality': -0.2875, 'seller_willingness': 0.137287}",SAGE Phase 3 trial discontinued terminated withdrawn A Study to Evaluate SAGE-217 for Prevention of Relapse in Adult Participants With Major Depressive Disorder NCT04007367
SAGE,target,clinical_negative_ph3,negative,0.969,1.0,0.7,clinicaltrials_gov,2026-07-16,https://clinicaltrials.gov/api/v2/studies/NCT03771664,6cb5bc5612fb,True,"{'asset_quality': -0.37374999999999997, 'seller_willingness': 0.0823722}","SAGE Phase 3 trial discontinued terminated withdrawn A Study to Evaluate the Safety, Tolerability, and Efficacy of SAGE-217 Compared to Placebo in Adult Participants With Comorbid Major Depressive Dis"
SAGE,target,trial_discontinuation,negative,0.969,0.385,0.65,clinicaltrials_gov,2026-07-16,https://clinicaltrials.gov/api/v2/studies/NCT02032862,e2c9a382f99b,False,"{'asset_quality': -0.335216375, 'seller_willingness': 0.06899999999999999}",SAGE Phase 4 trial discontinued terminated withdrawn Efficacy and Safety of Sage Tablets Compared to Placebo in Menopausal Patients With Hot Flushes and Sweating NCT02032862
SAGE,target,trial_discontinuation,negative,0.969,0.385,0.65,clinicaltrials_gov,2026-07-16,https://clinicaltrials.gov/api/v2/studies/NCT01230151,e2c9a382f99b,False,"{'asset_quality': -0.25785874999999997, 'seller_willingness': 0.11499999999999999}",SAGE NA trial discontinued terminated withdrawn Feasibility Study to Evaluate Deep Brain Stimulation (DBS) Settings for the Treatment of Parkinson's Disease NCT01230151
SAGE,target,trial_discontinuation,negative,0.969,0.385,0.65,clinicaltrials_gov,2026-07-16,https://clinicaltrials.gov/api/v2/studies/NCT04468360,4344a4b279f0,False,"{'asset_quality': -0.271788125, 'seller_willingness': 0.1261435}",SAGE Phase 2 trial discontinued terminated withdrawn Pharmacokinetic Study for IV Allopregnanolone NCT04468360
HRMY,target,trial_discontinuation,negative,0.969,0.385,0.65,clinicaltrials_gov,2026-07-16,https://clinicaltrials.gov/api/v2/studies/NCT02800083,e8fd39ce6472,False,"{'asset_quality': -0.271788125, 'seller_willingness': 0.1261435}",HRMY Phase 2 trial discontinued terminated withdrawn A Trial Evaluating Pitolisant (BF2.649) in Alcohol Use Disorder Treatment NCT02800083
HRMY,target,trial_discontinuation,negative,0.969,0.385,0.65,clinicaltrials_gov,2026-07-16,https://clinicaltrials.gov/api/v2/studies/NCT04026750,35feda8db598,False,"{'asset_quality': -0.24671525, 'seller_willingness': 0.11499999999999999}",HRMY Phase 1 trial discontinued terminated withdrawn Insulin Tolerance Test Study in Patients With Type 1 Diabetes NCT04026750
HRMY,target,clinical_negative_ph3,negative,0.969,1.0,0.7,clinicaltrials_gov,2026-07-16,https://clinicaltrials.gov/api/v2/studies/NCT02978651,5468cae2f5ac,True,"{'asset_quality': -0.2875, 'seller_willingness': 0.137287}","HRMY Phase 3 trial discontinued terminated withdrawn Pitolisant (BF2.649) in the Treatment of Excessive Daytime Sleepiness in Patients With Obstructive Sleep Apnoea Syndrome, Treated or Not by Nasal C"
VERV,target,trial_discontinuation,negative,0.969,0.385,0.65,clinicaltrials_gov,2026-07-16,https://clinicaltrials.gov/api/v2/studies/NCT01910129,1a7b4e0c93ca,False,"{'asset_quality': -0.25785874999999997, 'seller_willingness': 0.11499999999999999}",VERV NA trial discontinued terminated withdrawn Neurostimulation to the Vagus Nerve for the Reduction in Frequency of Seizures Associated With Epilepsy NCT01910129
ESPR,target,deal_terminated,negative,0.918,0.33,0.4,sec_filing,2026-07-13,https://www.sec.gov/Archives/edgar/data/1434868/000110465926082926/tm2620034d3_8k.htm,37b17017b2a5,False,"{'asset_quality': -0.06325, 'seller_willingness': 0.011499999999999993}",ESPR enters into license agreement collaboration agreement partnership agreement termination of collaboration agreement financial statements exhibits
ESPR,target,trial_discontinuation,negative,0.969,0.385,0.65,clinicaltrials_gov,2026-07-16,https://clinicaltrials.gov/api/v2/studies/NCT06280976,37b17017b2a5,False,"{'asset_quality': -0.25785874999999997, 'seller_willingness': 0.11499999999999999}",ESPR Phase 4 trial discontinued terminated withdrawn Aggressive Risk-Prevention Therapies for Coronary Atherosclerotic Plaque (ART-CAP) NCT06280976
SGMO,target,trial_discontinuation,negative,0.969,0.385,0.65,clinicaltrials_gov,2026-07-16,https://clinicaltrials.gov/api/v2/studies/NCT03041324,61442d7a39fe,False,"{'asset_quality': -0.271788125, 'seller_willingness': 0.1261435}",SGMO Phase 1 Phase 2 trial discontinued terminated withdrawn Ascending Dose Study of Genome Editing by the Zinc Finger Nuclease (ZFN) Therapeutic SB-913 in Subjects With MPS II NCT03041324
SGMO,target,trial_discontinuation,negative,0.969,0.385,0.65,clinicaltrials_gov,2026-07-16,https://clinicaltrials.gov/api/v2/studies/NCT02702115,61442d7a39fe,False,"{'asset_quality': -0.271788125, 'seller_willingness': 0.1261435}",SGMO Phase 1 Phase 2 trial discontinued terminated withdrawn Ascending Dose Study of Genome Editing by the Zinc Finger Nuclease (ZFN) Therapeutic SB-318 in Subjects With MPS I NCT02702115
STRO,target,clinical_negative_ph3,negative,0.969,1.0,0.7,clinicaltrials_gov,2026-07-16,https://clinicaltrials.gov/api/v2/studies/NCT05870748,62f107d7c052,True,"{'asset_quality': -0.37374999999999997, 'seller_willingness': 0.0823722}",STRO Phase 2 Phase 3 trial discontinued terminated withdrawn REFRaME-O1: A Study to Investigate the Efficacy and Safety of Luveltamab Tazevibulin Versus Investigator's Choice (IC) Chemotherapy in Wome
STRO,target,trial_discontinuation,negative,0.969,0.385,0.65,clinicaltrials_gov,2026-07-16,https://clinicaltrials.gov/api/v2/studies/NCT06555263,7e4674c69eb6,False,"{'asset_quality': -0.271788125, 'seller_willingness': 0.1261435}",STRO Phase 2 trial discontinued terminated withdrawn Study to Investigate Luveltamab Tazevibulin in Adults With Advanced or Metastatic Non-small Cell Lung Cancer NCT06555263
STRO,target,trial_discontinuation,negative,0.969,0.385,0.65,clinicaltrials_gov,2026-07-16,https://clinicaltrials.gov/api/v2/studies/NCT05200364,2a66b3037091,False,"{'asset_quality': -0.24671525, 'seller_willingness': 0.11499999999999999}","STRO Phase 1 trial discontinued terminated withdrawn A Study of STRO-002, an Anti-Folate Receptor Alpha Antibody Drug Conjugate, in Combination With Bevacizumab in Epithelial Ovarian Cancer NCT0520036"
STRO,target,trial_discontinuation,negative,0.969,0.385,0.65,clinicaltrials_gov,2026-07-16,https://clinicaltrials.gov/api/v2/studies/NCT06679582,7e4674c69eb6,False,"{'asset_quality': -0.271788125, 'seller_willingness': 0.1261435}",STRO Phase 1 Phase 2 trial discontinued terminated withdrawn Luveltamab Tazevibulin (STRO-002) in Infants and Children < 12 Years of Age With Relapsed/Refractory CBFA2T3::GLIS2 AML NCT06679582
ALGS,target,trial_discontinuation,negative,0.969,0.385,0.65,clinicaltrials_gov,2026-07-16,https://clinicaltrials.gov/api/v2/studies/NCT05001022,cda27867a308,False,"{'asset_quality': -0.32072982499999997, 'seller_willingness': 0.06899999999999999}","ALGS Phase 1 trial discontinued terminated withdrawn A Study of ALG-020572 Drug to Evaluate Safety, Tolerability, Pharmacokinetics and Pharmacodynamics After Single Doses in Healthy Volunteers and Mul"
SNDX,target,trial_discontinuation,negative,0.969,0.385,0.65,clinicaltrials_gov,2026-07-16,https://clinicaltrials.gov/api/v2/studies/NCT07498465,fb06d45ce072,False,"{'asset_quality': -0.24671525, 'seller_willingness': 0.11499999999999999}",SNDX Phase 1 trial discontinued terminated withdrawn A Study to Find the Highest Dose of SNDX-5613 (Revumenib) as a Treatment Option After Hematopoietic Stem Cell Transplant in Children With Acute Lym
SNDX,target,trial_discontinuation,negative,0.969,0.385,0.65,clinicaltrials_gov,2026-07-16,https://clinicaltrials.gov/api/v2/studies/NCT07052994,fb06d45ce072,False,"{'asset_quality': -0.24671525, 'seller_willingness': 0.11499999999999999}","SNDX Phase 1 trial discontinued terminated withdrawn A Phase Ia/Ib Trial of Revumenib Combined With Cytarabine, Daunorubicin, and Gemtuzumab Ozogamicin (GO) in Frontline and Relapsed /Refractory Pedia"
SNDX,target,trial_discontinuation,negative,0.969,0.385,0.65,clinicaltrials_gov,2026-07-16,https://clinicaltrials.gov/api/v2/studies/NCT05731947,e3afebb750c4,False,"{'asset_quality': -0.271788125, 'seller_willingness': 0.1261435}",SNDX Phase 1 Phase 2 trial discontinued terminated withdrawn Evaluation of Revumenib in Participants With Colorectal Cancer and Other Solid Tumors NCT05731947
XNCR,target,trial_discontinuation,negative,0.969,0.385,0.65,clinicaltrials_gov,2026-07-16,https://clinicaltrials.gov/api/v2/studies/NCT05733351,df4e3264d413,False,"{'asset_quality': -0.24671525, 'seller_willingness': 0.11499999999999999}",XNCR Phase 1 trial discontinued terminated withdrawn Vudalimab (XmAb20717) in Combination With Standard of Care Treatment in Patients With Metastatic Castration Sensitive Prostate Cancer NCT05733351
XNCR,target,trial_discontinuation,negative,0.969,0.385,0.65,clinicaltrials_gov,2026-07-16,https://clinicaltrials.gov/api/v2/studies/NCT06173505,3d95131455f9,False,"{'asset_quality': -0.271788125, 'seller_willingness': 0.1261435}",XNCR Phase 1 Phase 2 trial discontinued terminated withdrawn Study of Vudalimab or Pembrolizumab in Combination With Chemotherapy as First-line Treatment in Patients With Advanced NSCLC NCT06173505
AGEN,target,licensing_deal,positive,0.918,0.528,0.4,sec_filing,2026-07-13,https://www.sec.gov/Archives/edgar/data/1098972/000119312526301414/d111026d8k.htm,95476044130a,False,"{'asset_quality': 0.05175, 'seller_willingness': -0.057499999999999996}",AGEN enters into license agreement collaboration agreement partnership agreement regulation FD disclosure financial results guidance other events material announcement financial statements exhibits
AGEN,target,trial_discontinuation,negative,0.969,0.385,0.65,clinicaltrials_gov,2026-07-16,https://clinicaltrials.gov/api/v2/studies/NCT06076837,5df15014a78c,False,"{'asset_quality': -0.24671525, 'seller_willingness': 0.11499999999999999}",AGEN Phase 1 trial discontinued terminated withdrawn The Seven Trial: Exploiting the Unfolded Protein Response NCT06076837
AGEN,target,clinical_negative_ph3,negative,0.969,1.0,0.7,clinicaltrials_gov,2026-07-16,https://clinicaltrials.gov/api/v2/studies/NCT07152821,84bcde2d047f,True,"{'asset_quality': -0.2875, 'seller_willingness': 0.137287}","AGEN Phase 3 trial discontinued terminated withdrawn Botensilimab + Balstilimab vs Best Supportive Care as Therapy in Chemo-refractory, Unresectable, Colorectal Adenocarcinoma NCT07152821"
CGON,target,trial_discontinuation,negative,0.969,0.385,0.65,clinicaltrials_gov,2026-07-16,https://clinicaltrials.gov/api/v2/studies/NCT05972720,919854167d48,False,"{'asset_quality': -0.271788125, 'seller_willingness': 0.1261435}",CGON Phase 2 trial discontinued terminated withdrawn A Phase 2 Study of Firi-cel in Patients With Relapsed/Refractory Large B-cell Lymphoma NCT05972720
ALLO,target,trial_discontinuation,negative,0.969,0.385,0.65,clinicaltrials_gov,2026-07-16,https://clinicaltrials.gov/api/v2/studies/NCT05714345,bb5c3dfbc91c,False,"{'asset_quality': -0.271788125, 'seller_willingness': 0.1261435}",ALLO Phase 2 trial discontinued terminated withdrawn Evaluation of Lymphodepletion With ALLO-647 in Adults With R/R Large B Cell Lymphoma Receiving ALLO-501A Allogeneic CAR T Cell Therapy NCT05714345
ALLO,target,trial_discontinuation,negative,0.969,0.385,0.65,clinicaltrials_gov,2026-07-16,https://clinicaltrials.gov/api/v2/studies/NCT07123662,7be110dbbfdd,False,"{'asset_quality': -0.25785874999999997, 'seller_willingness': 0.11499999999999999}",ALLO EARLY_Phase 1 trial discontinued terminated withdrawn γδ T Cell Therapy for Relapse Prevention in High-Risk AML Post-Transplant NCT07123662
FATE,target,trial_discontinuation,negative,0.969,0.385,0.65,clinicaltrials_gov,2026-07-16,https://clinicaltrials.gov/api/v2/studies/NCT04093622,5e3ca61c4786,False,"{'asset_quality': -0.25785874999999997, 'seller_willingness': 0.11499999999999999}",FATE  trial discontinued terminated withdrawn Long-term Follow-Up Study Following Treatment With Fate Therapeutics' Engineered Cellular Immunotherapy NCT04093622
FATE,target,trial_discontinuation,negative,0.969,0.385,0.65,clinicaltrials_gov,2026-07-16,https://clinicaltrials.gov/api/v2/studies/NCT01632969,5e3ca61c4786,False,"{'asset_quality': -0.25785874999999997, 'seller_willingness': 0.11499999999999999}",FATE  trial discontinued terminated withdrawn Improving End of Life Care in Head and Neck Cancer NCT01632969
FATE,target,trial_discontinuation,negative,0.969,0.385,0.65,clinicaltrials_gov,2026-07-16,https://clinicaltrials.gov/api/v2/studies/NCT02101346,5e3ca61c4786,False,"{'asset_quality': -0.25785874999999997, 'seller_willingness': 0.11499999999999999}",FATE NA trial discontinued terminated withdrawn A Human In Vivo Feeding Study Of The Blood Monocyte Response To Dietary Lipid Intake NCT02101346
FATE,target,trial_discontinuation,negative,0.969,0.385,0.65,clinicaltrials_gov,2026-07-16,https://clinicaltrials.gov/api/v2/studies/NCT04106167,5e3ca61c4786,False,"{'asset_quality': -0.25785874999999997, 'seller_willingness': 0.11499999999999999}","FATE  trial discontinued terminated withdrawn Long-term, Non-interventional, Observational Study Following Treatment With Fate Therapeutics FT500 Cellular Immunotherapy NCT04106167"
APLS,target,trial_discontinuation,negative,0.969,0.385,0.65,clinicaltrials_gov,2026-07-16,https://clinicaltrials.gov/api/v2/studies/NCT04579666,b117070a149a,False,"{'asset_quality': -0.3533245625, 'seller_willingness': 0.0756861}",APLS Phase 2 trial discontinued terminated withdrawn MERIDIAN: A Study to Evaluate the Efficacy and Safety of Pegcetacoplan in Adults With Amyotrophic Lateral Sclerosis (ALS) NCT04579666
APLS,target,trial_discontinuation,negative,0.969,0.385,0.65,clinicaltrials_gov,2026-07-16,https://clinicaltrials.gov/api/v2/studies/NCT03465709,b117070a149a,False,"{'asset_quality': -0.271788125, 'seller_willingness': 0.1261435}",APLS Phase 1 Phase 2 trial discontinued terminated withdrawn Pegcetacoplan (APL-2) in Neovascular AMD NCT03465709
GERN,target,trial_discontinuation,negative,0.969,0.385,0.65,clinicaltrials_gov,2026-07-16,https://clinicaltrials.gov/api/v2/studies/NCT01568632,cb4d34e352f7,False,"{'asset_quality': -0.24671525, 'seller_willingness': 0.11499999999999999}",GERN Phase 1 trial discontinued terminated withdrawn Imetelstat for Children With Refractory or Recurrent Solid Tumors and Lymphoma NCT01568632
GERN,target,trial_discontinuation,negative,0.969,0.385,0.65,clinicaltrials_gov,2026-07-16,https://clinicaltrials.gov/api/v2/studies/NCT01836549,97877f6c6971,False,"{'asset_quality': -0.271788125, 'seller_willingness': 0.1261435}",GERN Phase 2 trial discontinued terminated withdrawn Imetelstat Sodium in Treating Younger Patients With Recurrent or Refractory Brain Tumors NCT01836549
GERN,target,trial_discontinuation,negative,0.969,0.385,0.65,clinicaltrials_gov,2026-07-16,https://clinicaltrials.gov/api/v2/studies/NCT00356681,97877f6c6971,False,"{'asset_quality': -0.271788125, 'seller_willingness': 0.1261435}","GERN Phase 2 trial discontinued terminated withdrawn A Study of AMG 706 or Bevacizumab, in Combination With Paclitaxel Chemotherapy, as Treatment for Breast Cancer NCT00356681"
GERN,target,trial_discontinuation,negative,0.969,0.385,0.65,clinicaltrials_gov,2026-07-16,https://clinicaltrials.gov/api/v2/studies/NCT00101907,cb4d34e352f7,False,"{'asset_quality': -0.32072982499999997, 'seller_willingness': 0.06899999999999999}",GERN Phase 1 trial discontinued terminated withdrawn Safety of AMG 706 Plus Panitumumab Plus Gemcitabine-Cisplatin in the Treatment of Patients With Advanced Cancer NCT00101907
GERN,target,trial_discontinuation,negative,0.969,0.385,0.65,clinicaltrials_gov,2026-07-16,https://clinicaltrials.gov/api/v2/studies/NCT01916187,cb4d34e352f7,False,"{'asset_quality': -0.24671525, 'seller_willingness': 0.11499999999999999}",GERN Phase 1 trial discontinued terminated withdrawn Imetelstat Given Intravenously Alone and With Standard 13-Cis-Retinoic Acid in Children With Neuroblastoma NCT01916187
GERN,target,trial_discontinuation,negative,0.969,0.385,0.65,clinicaltrials_gov,2026-07-16,https://clinicaltrials.gov/api/v2/studies/NCT00360867,97877f6c6971,False,"{'asset_quality': -0.271788125, 'seller_willingness': 0.094607625}",GERN Phase 2 trial discontinued terminated withdrawn An Open Label Treatment Extension Study of AMG 706 NCT00360867
INSM,target,trial_discontinuation,negative,0.969,0.385,0.65,clinicaltrials_gov,2026-07-16,https://clinicaltrials.gov/api/v2/studies/NCT06685835,adabab24ca32,False,"{'asset_quality': -0.3533245625, 'seller_willingness': 0.0756861}",INSM Phase 2 trial discontinued terminated withdrawn A Study of the Efficacy and Safety of Brensocatib in Adults With Moderate to Severe Hidradenitis Suppurativa (HS) NCT06685835
CORT,target,trial_discontinuation,negative,0.969,0.385,0.65,clinicaltrials_gov,2026-07-16,https://clinicaltrials.gov/api/v2/studies/NCT02679092,39b716716097,False,"{'asset_quality': -0.25785874999999997, 'seller_willingness': 0.11499999999999999}",CORT NA trial discontinued terminated withdrawn Mifepristone Versus Osmotic Dilators in Conjunction With Misoprostol for Cervical Preparation Prior to D&E at 14-19 Weeks NCT02679092
CORT,target,clinical_negative_ph3,negative,0.969,1.0,0.7,clinicaltrials_gov,2026-07-16,https://clinicaltrials.gov/api/v2/studies/NCT00637494,417b2c42b1ac,True,"{'asset_quality': -0.2875, 'seller_willingness': 0.137287}",CORT Phase 3 trial discontinued terminated withdrawn A Study of Mifepristone vs. Placebo in the Treatment of Patients With Major Depression With Psychotic Features NCT00637494
CORT,target,trial_discontinuation,negative,0.969,0.385,0.65,clinicaltrials_gov,2026-07-16,https://clinicaltrials.gov/api/v2/studies/NCT04905251,39b716716097,False,"{'asset_quality': -0.335216375, 'seller_willingness': 0.06899999999999999}",CORT  trial discontinued terminated withdrawn Effectiveness and Safety of Combination Mifepristone/Misoprostol for Medical Abortion NCT04905251
CORT,target,trial_discontinuation,negative,0.969,0.385,0.65,clinicaltrials_gov,2026-07-16,https://clinicaltrials.gov/api/v2/studies/NCT03212352,39b716716097,False,"{'asset_quality': -0.25785874999999997, 'seller_willingness': 0.11499999999999999}",CORT Phase 4 trial discontinued terminated withdrawn Comparing Two Medical Treatments for Early Pregnancy Failure. NCT03212352
FULC,target,clinical_negative_ph3,negative,0.969,1.0,0.7,clinicaltrials_gov,2026-07-16,https://clinicaltrials.gov/api/v2/studies/NCT05397470,578fbc6fc75d,True,"{'asset_quality': -0.37374999999999997, 'seller_willingness': 0.0823722}",FULC Phase 3 trial discontinued terminated withdrawn Efficacy and Safety of Losmapimod in Treating Participants With Facioscapulohumeral Muscular Dystrophy (FSHD) (REACH) NCT05397470
FULC,target,clinical_negative_ph3,negative,0.969,1.0,0.7,clinicaltrials_gov,2026-07-16,https://clinicaltrials.gov/api/v2/studies/NCT04511819,578fbc6fc75d,True,"{'asset_quality': -0.37374999999999997, 'seller_willingness': 0.0823722}",FULC Phase 3 trial discontinued terminated withdrawn Losmapimod Safety and Efficacy in COVID-19 NCT04511819
FULC,target,trial_discontinuation,negative,0.969,0.385,0.65,clinicaltrials_gov,2026-07-16,https://clinicaltrials.gov/api/v2/studies/NCT04264442,a311c3e2fea3,False,"{'asset_quality': -0.3533245625, 'seller_willingness': 0.056764575}",FULC Phase 2 trial discontinued terminated withdrawn Efficacy and Safety of Losmapimod in Treating Subjects With Facioscapulohumeral Muscular Dystrophy (FSHD) With Open-Label Extension (OLE) NCT042644
FULC,target,trial_discontinuation,negative,0.969,0.385,0.65,clinicaltrials_gov,2026-07-16,https://clinicaltrials.gov/api/v2/studies/NCT04004000,a311c3e2fea3,False,"{'asset_quality': -0.3533245625, 'seller_willingness': 0.052980269999999996}","FULC Phase 2 trial discontinued terminated withdrawn Evaluation of Safety, Tolerability, and Changes in Biomarker and Clinical Outcome Assessments of Losmapimod for FSHD1 With Extension NCT04004000"
URGN,target,trial_discontinuation,negative,0.969,0.385,0.65,clinicaltrials_gov,2026-07-16,https://clinicaltrials.gov/api/v2/studies/NCT00005944,5940088a4f6f,False,"{'asset_quality': -0.271788125, 'seller_willingness': 0.1261435}",URGN Phase 2 trial discontinued terminated withdrawn Second-look Surgery With or Without Intraperitoneal Chemotherapy in Treating Patients With Recurrent Colorectal Cancer NCT00005944
URGN,target,trial_discontinuation,negative,0.969,0.385,0.65,clinicaltrials_gov,2026-07-16,https://clinicaltrials.gov/api/v2/studies/NCT01324141,d654e21f8983,False,"{'asset_quality': -0.24671525, 'seller_willingness': 0.11499999999999999}",URGN Phase 1 trial discontinued terminated withdrawn Topical MTS-01 for Dermatitis During Radiation and Chemotherapy for Anal Cancer NCT01324141
URGN,target,trial_discontinuation,negative,0.969,0.385,0.65,clinicaltrials_gov,2026-07-16,https://clinicaltrials.gov/api/v2/studies/NCT02674269,5940088a4f6f,False,"{'asset_quality': -0.3533245625, 'seller_willingness': 0.0756861}","URGN Phase 1 Phase 2 trial discontinued terminated withdrawn Safety and Efficacy Study of Intravesical Instillations of BotuGelTM, Slow Release RTGel Based Botox® Formulations, in Idiopathic OAB Patie"
TARS,target,trial_discontinuation,negative,0.969,0.385,0.65,clinicaltrials_gov,2026-07-16,https://clinicaltrials.gov/api/v2/studies/NCT02440542,44bbe698ef2c,False,"{'asset_quality': -0.25785874999999997, 'seller_willingness': 0.11499999999999999}",TARS  trial discontinued terminated withdrawn Popliteal Nerve Block for Postoperative Pain Control in Ankle and Hindfoot Reconstruction NCT02440542
TARS,target,trial_discontinuation,negative,0.969,0.385,0.65,clinicaltrials_gov,2026-07-16,https://clinicaltrials.gov/api/v2/studies/NCT02407314,44bbe698ef2c,False,"{'asset_quality': -0.25785874999999997, 'seller_willingness': 0.11499999999999999}",TARS Phase 4 trial discontinued terminated withdrawn Ticagrelor and Peripheral Arterial Disease NCT02407314
TARS,target,trial_discontinuation,negative,0.969,0.385,0.65,clinicaltrials_gov,2026-07-16,https://clinicaltrials.gov/api/v2/studies/NCT02624635,44bbe698ef2c,False,"{'asset_quality': -0.25785874999999997, 'seller_willingness': 0.11499999999999999}",TARS NA trial discontinued terminated withdrawn Hip Strengthening and Manual Therapy for Heel Pain Patients NCT02624635
SRPT,target,trial_discontinuation,negative,0.969,0.385,0.65,clinicaltrials_gov,2026-07-16,https://clinicaltrials.gov/api/v2/studies/NCT03985878,e2c4a469ddbb,False,"{'asset_quality': -0.3533245625, 'seller_willingness': 0.0756861}","SRPT Phase 2 trial discontinued terminated withdrawn A Study to Evaluate Safety, Tolerability, and Efficacy of Eteplirsen in Participants With Duchenne Muscular Dystrophy (DMD) Who Have Completed Stud"
AXSM,target,trial_discontinuation,negative,0.969,0.385,0.65,clinicaltrials_gov,2026-07-16,https://clinicaltrials.gov/api/v2/studies/NCT04764851,409d961335a2,False,"{'asset_quality': -0.24671525, 'seller_willingness': 0.11499999999999999}",AXSM Phase 1 trial discontinued terminated withdrawn Drug-Drug Interaction Study to Evaluate the Effects of Ecopipam on the Pharmacokinetics of Multiple Substrates NCT04764851
AXSM,target,clinical_negative_ph3,negative,0.969,1.0,0.7,clinicaltrials_gov,2026-07-16,https://clinicaltrials.gov/api/v2/studies/NCT06736509,8000e0f00d72,True,"{'asset_quality': -0.37374999999999997, 'seller_willingness': 0.061779150000000005}","AXSM Phase 3 trial discontinued terminated withdrawn An Open-Label Study to Assess the Long-term Safety of AXS-05 in Subjects With Dementia of the Alzheimer's Type, ADVANCE-2 and ACCORD-2 Extension St"
ATAI,target,licensing_deal,positive,0.918,0.528,0.4,sec_filing,2026-07-16,https://www.sec.gov/Archives/edgar/data/2081043/000114036126028604/ef20078103_8k.htm,2947ce55e4f2,False,"{'asset_quality': 0.05175, 'seller_willingness': -0.057499999999999996}",ATAI enters into license agreement collaboration agreement partnership agreement regulation FD disclosure financial results guidance financial statements exhibits
RVNC,target,trial_discontinuation,negative,0.969,0.385,0.65,clinicaltrials_gov,2026-07-16,https://clinicaltrials.gov/api/v2/studies/NCT03496649,8dfa64d63057,False,"{'asset_quality': -0.271788125, 'seller_willingness': 0.1261435}",RVNC Phase 2 trial discontinued terminated withdrawn Pubalgia and Adductor Tendinopathies Refractory to Medical Treatment NCT03496649
RVNC,target,trial_discontinuation,negative,0.969,0.385,0.65,clinicaltrials_gov,2026-07-16,https://clinicaltrials.gov/api/v2/studies/NCT05730556,fa498cce7fa7,False,"{'asset_quality': -0.25785874999999997, 'seller_willingness': 0.11499999999999999}",RVNC NA trial discontinued terminated withdrawn A Study of Remote Electrical Neuromodulation for Acute Procedural Pain NCT05730556
RVNC,target,trial_discontinuation,negative,0.969,0.385,0.65,clinicaltrials_gov,2026-07-16,https://clinicaltrials.gov/api/v2/studies/NCT02202070,f66435944e24,False,"{'asset_quality': -0.24671525, 'seller_willingness': 0.11499999999999999}",RVNC Phase 1 trial discontinued terminated withdrawn Botox for Treatment of TMJ Disorder With Bruxism NCT02202070
DNLI,target,clinical_negative_ph3,negative,0.969,1.0,0.7,clinicaltrials_gov,2026-07-16,https://clinicaltrials.gov/api/v2/studies/NCT05418673,eac04394937f,True,"{'asset_quality': -0.2875, 'seller_willingness': 0.137287}",DNLI Phase 3 trial discontinued terminated withdrawn A Study to Assess if BIIB122 Tablets Are Safe and Can Slow Worsening of Early-Stage Parkinson's Disease in Participants With Specific LRRK2 Genetic
AKBA,target,clinical_negative_ph3,negative,0.969,1.0,0.7,clinicaltrials_gov,2026-07-16,https://clinicaltrials.gov/api/v2/studies/NCT05082584,da67bccbf87e,True,"{'asset_quality': -0.37374999999999997, 'seller_willingness': 0.0823722}",AKBA Phase 3 trial discontinued terminated withdrawn Study to Evaluate the Safety and Efficacy of Oral Vadadustat in Pediatric Participants With Anemia of Chronic Kidney Disease Naive to Erythropoiesi
AKBA,target,trial_discontinuation,negative,0.969,0.385,0.65,clinicaltrials_gov,2026-07-16,https://clinicaltrials.gov/api/v2/studies/NCT03140722,f4fc8e4fb50c,False,"{'asset_quality': -0.271788125, 'seller_willingness': 0.1261435}",AKBA Phase 2 trial discontinued terminated withdrawn Study to Evaluate Vadadustat for Anemia in Subjects With Dialysis-Dependent Chronic Kidney Disease (DD-CKD) Who Are Hyporesponsive to Erythropoiesi
CABA,target,trial_discontinuation,negative,0.969,0.385,0.65,clinicaltrials_gov,2026-07-16,https://clinicaltrials.gov/api/v2/studies/NCT07006805,ea5997f78da3,False,"{'asset_quality': -0.3533245625, 'seller_willingness': 0.0756861}",CABA Phase 1 Phase 2 trial discontinued terminated withdrawn RESET-MS: A Study to Evaluate the Safety and Efficacy of CABA-201 in Participants With Multiple Sclerosis NCT07006805
VERA,target,trial_discontinuation,negative,0.969,0.385,0.65,clinicaltrials_gov,2026-07-16,https://clinicaltrials.gov/api/v2/studies/NCT00624468,989e210d64a6,False,"{'asset_quality': -0.271788125, 'seller_willingness': 0.1261435}",VERA Phase 2 trial discontinued terminated withdrawn Atacicept in Subjects With Optic Neuritis NCT00624468
VERA,target,trial_discontinuation,negative,0.969,0.385,0.65,clinicaltrials_gov,2026-07-16,https://clinicaltrials.gov/api/v2/studies/NCT02808429,989e210d64a6,False,"{'asset_quality': -0.3533245625, 'seller_willingness': 0.0756861}",VERA Phase 2 trial discontinued terminated withdrawn Efficacy and Safety of Atacicept in IgA Nephropathy NCT02808429
VERA,target,trial_discontinuation,negative,0.969,0.385,0.65,clinicaltrials_gov,2026-07-16,https://clinicaltrials.gov/api/v2/studies/NCT00642902,989e210d64a6,False,"{'asset_quality': -0.271788125, 'seller_willingness': 0.1261435}",VERA Phase 2 trial discontinued terminated withdrawn A Phase 2 Study of Atacicept in Subjects With Relapsing Multiple Sclerosis (ATAMS) NCT00642902
VERA,target,trial_discontinuation,negative,0.969,0.385,0.65,clinicaltrials_gov,2026-07-16,https://clinicaltrials.gov/api/v2/studies/NCT02070978,989e210d64a6,False,"{'asset_quality': -0.3533245625, 'seller_willingness': 0.0756861}",VERA Phase 2 trial discontinued terminated withdrawn Long-term Safety and Tolerability of Atacicept (Long-term Follow-Up of Participant Who Participated in ADDRESS II) NCT02070978
VERA,target,clinical_negative_ph3,negative,0.969,1.0,0.7,clinicaltrials_gov,2026-07-16,https://clinicaltrials.gov/api/v2/studies/NCT05609812,b5116b16bbfb,True,"{'asset_quality': -0.2875, 'seller_willingness': 0.137287}",VERA Phase 3 trial discontinued terminated withdrawn Atacicept in Subjects With Active Lupus Nephritis (COMPASS) NCT05609812
VERA,target,trial_discontinuation,negative,0.969,0.385,0.65,clinicaltrials_gov,2026-07-16,https://clinicaltrials.gov/api/v2/studies/NCT01440231,989e210d64a6,False,"{'asset_quality': -0.271788125, 'seller_willingness': 0.1261435}",VERA Phase 2 trial discontinued terminated withdrawn Atacicept Demonstrating Dose RESponSe NCT01440231
VERA,target,trial_discontinuation,negative,0.969,0.385,0.65,clinicaltrials_gov,2026-07-16,https://clinicaltrials.gov/api/v2/studies/NCT00853762,989e210d64a6,False,"{'asset_quality': -0.271788125, 'seller_willingness': 0.1261435}","VERA Phase 2 trial discontinued terminated withdrawn Atacicept in Multiple Sclerosis Extension Study, Phase II NCT00853762"
VERA,target,trial_discontinuation,negative,0.969,0.385,0.65,clinicaltrials_gov,2026-07-16,https://clinicaltrials.gov/api/v2/studies/NCT01369628,cadec289422d,False,"{'asset_quality': -0.24671525, 'seller_willingness': 0.11499999999999999}",VERA Phase 1 trial discontinued terminated withdrawn Atacicept in Lupus Nephritis Patients Taking Stable Regimen of Mycophenolate Mofetil NCT01369628
VERA,target,clinical_negative_ph3,negative,0.969,1.0,0.7,clinicaltrials_gov,2026-07-16,https://clinicaltrials.gov/api/v2/studies/NCT00573157,b5116b16bbfb,True,"{'asset_quality': -0.37374999999999997, 'seller_willingness': 0.0823722}",VERA Phase 2 Phase 3 trial discontinued terminated withdrawn The Efficacy and Safety of Atacicept in Combination With Mycophenolate Mofetil Used to Treat Lupus Nephritis NCT00573157
VERA,target,trial_discontinuation,negative,0.969,0.385,0.65,clinicaltrials_gov,2026-07-16,https://clinicaltrials.gov/api/v2/studies/NCT00069992,989e210d64a6,False,"{'asset_quality': -0.271788125, 'seller_willingness': 0.1261435}","VERA Phase 2 trial discontinued terminated withdrawn Total-Body Irradiation, Fludarabine, and Alemtuzumab Followed By Stem Cell Transplant in Treating Patients With Myeloproliferative Disorder, MS, AM"
VERA,target,clinical_negative_ph3,negative,0.969,1.0,0.7,clinicaltrials_gov,2026-07-16,https://clinicaltrials.gov/api/v2/studies/NCT01773187,b5116b16bbfb,True,"{'asset_quality': -0.2875, 'seller_willingness': 0.137287}",VERA Phase 3 trial discontinued terminated withdrawn Pacritinib Versus Best Available Therapy to Treat Myelofibrosis NCT01773187
HALO,target,trial_discontinuation,negative,0.969,0.385,0.65,clinicaltrials_gov,2026-07-16,https://clinicaltrials.gov/api/v2/studies/NCT04311710,8be1b8362498,False,"{'asset_quality': -0.24671525, 'seller_willingness': 0.11499999999999999}",HALO Phase 1 trial discontinued terminated withdrawn A Study Evaluating the Drug Levels of Iplimumab Given Under the Skin Alone and in Combination With Nivolumab in Multiple Tumor Types NCT04311710
HALO,target,trial_discontinuation,negative,0.969,0.385,0.65,clinicaltrials_gov,2026-07-16,https://clinicaltrials.gov/api/v2/studies/NCT03446040,16112611deb2,False,"{'asset_quality': -0.271788125, 'seller_willingness': 0.1261435}",HALO Phase 1 Phase 2 trial discontinued terminated withdrawn An Investigational Immunotherapy Study of BMS-986258 Alone and in Combination With Nivolumab in Participants With Solid Cancers That Are Ad
ROIV,target,clinical_negative_ph3,negative,0.969,1.0,0.7,clinicaltrials_gov,2026-07-16,https://clinicaltrials.gov/api/v2/studies/NCT05623345,88a59cf1fb4c,True,"{'asset_quality': -0.2875, 'seller_willingness': 0.137287}",ROIV Phase 2 Phase 3 trial discontinued terminated withdrawn Psoriatic Arthritis Study of Izokibep NCT05623345
ROIV,target,trial_discontinuation,negative,0.969,0.385,0.65,clinicaltrials_gov,2026-07-16,https://clinicaltrials.gov/api/v2/studies/NCT05384249,116be55089df,False,"{'asset_quality': -0.28537753125000004, 'seller_willingness': 0.1261435}","ROIV Phase 2 trial discontinued terminated withdrawn Phase 2b Pivotal Study of Izokibep in Non-infectious, Intermediate-, Posterior- or Pan-uveitis NCT05384249"
ROIV,target,trial_discontinuation,negative,0.969,0.385,0.65,clinicaltrials_gov,2026-07-16,https://clinicaltrials.gov/api/v2/studies/NCT04795141,116be55089df,False,"{'asset_quality': -0.271788125, 'seller_willingness': 0.1261435}",ROIV Phase 2 trial discontinued terminated withdrawn ABY-035 in the Treatment of Subjects With Ankylosing Spondylitis NCT04795141
ROIV,target,clinical_negative_ph3,negative,0.969,1.0,0.7,clinicaltrials_gov,2026-07-16,https://clinicaltrials.gov/api/v2/studies/NCT05905783,88a59cf1fb4c,True,"{'asset_quality': -0.2875, 'seller_willingness': 0.137287}",ROIV Phase 3 trial discontinued terminated withdrawn Hidradenitis Suppurativa Study of Izokibep NCT05905783
RPTX,target,trial_discontinuation,negative,0.969,0.385,0.65,clinicaltrials_gov,2026-07-16,https://clinicaltrials.gov/api/v2/studies/NCT04972110,8ba050aae2f7,False,"{'asset_quality': -0.271788125, 'seller_willingness': 0.1261435}",RPTX Phase 1 Phase 2 trial discontinued terminated withdrawn Study of RP-3500 (Camonsertib) With Niraparib or Olaparib in Advanced Solid Tumors NCT04972110
RPTX,target,trial_discontinuation,negative,0.969,0.385,0.65,clinicaltrials_gov,2026-07-16,https://clinicaltrials.gov/api/v2/studies/NCT03337698,8ba050aae2f7,False,"{'asset_quality': -0.271788125, 'seller_willingness': 0.1261435}",RPTX Phase 1 Phase 2 trial discontinued terminated withdrawn A Study Of Multiple Immunotherapy-Based Treatment Combinations In Participants With Metastatic Non-Small Cell Lung Cancer (Morpheus- Non-Sm
CRNX,target,clinical_negative_ph3,negative,0.969,1.0,0.7,clinicaltrials_gov,2026-07-16,https://clinicaltrials.gov/api/v2/studies/NCT05192382,a438b757b1c7,True,"{'asset_quality': -0.37374999999999997, 'seller_willingness': 0.0823722}",CRNX Phase 3 trial discontinued terminated withdrawn A Study to Evaluate the Safety and Efficacy of Paltusotine for the Treatment of Acromegaly (PATHFNDR-2) NCT05192382
CRNX,target,clinical_negative_ph3,negative,0.969,1.0,0.7,clinicaltrials_gov,2026-07-16,https://clinicaltrials.gov/api/v2/studies/NCT04837040,a438b757b1c7,True,"{'asset_quality': -0.37374999999999997, 'seller_willingness': 0.0823722}",CRNX Phase 3 trial discontinued terminated withdrawn A Study to Evaluate the Safety and Efficacy of Paltusotine for the Treatment of Acromegaly NCT04837040
RCUS,target,trial_discontinuation,negative,0.969,0.385,0.65,clinicaltrials_gov,2026-07-16,https://clinicaltrials.gov/api/v2/studies/NCT07134556,97fcd6e183f9,False,"{'asset_quality': -0.3533245625, 'seller_willingness': 0.0756861}","RCUS Phase 2 trial discontinued terminated withdrawn Phase II Trial Evaluating the Safety and Efficacy of the Combination of Zimberelimab, Domvanalimab and Sacituzumab Govitecan as 1L Therapy for PD-L"
RCUS,target,trial_discontinuation,negative,0.969,0.385,0.65,clinicaltrials_gov,2026-07-16,https://clinicaltrials.gov/api/v2/studies/NCT07283848,97fcd6e183f9,False,"{'asset_quality': -0.271788125, 'seller_willingness': 0.1261435}",RCUS Phase 2 trial discontinued terminated withdrawn Zimberelimab + Domvanalimab in Gastroesophageal Adenocarcinoma NCT07283848
MGNX,target,trial_discontinuation,negative,0.969,0.385,0.65,clinicaltrials_gov,2026-07-16,https://clinicaltrials.gov/api/v2/studies/NCT03729596,c82c200b35ad,False,"{'asset_quality': -0.271788125, 'seller_willingness': 0.1261435}",MGNX Phase 1 Phase 2 trial discontinued terminated withdrawn MGC018 With or Without MGA012 in Advanced Solid Tumors NCT03729596
MGNX,target,trial_discontinuation,negative,0.969,0.385,0.65,clinicaltrials_gov,2026-07-16,https://clinicaltrials.gov/api/v2/studies/NCT05551117,c82c200b35ad,False,"{'asset_quality': -0.271788125, 'seller_willingness': 0.1261435}",MGNX Phase 2 trial discontinued terminated withdrawn A Study of Vobramitamab Duocarmazine in Participants With Metastatic Castration Resistant Prostate Cancer and Other Solid Tumors NCT05551117
MGNX,target,trial_discontinuation,negative,0.969,0.385,0.65,clinicaltrials_gov,2026-07-16,https://clinicaltrials.gov/api/v2/studies/NCT00870818,a0f72c1ce2e7,False,"{'asset_quality': -0.25785874999999997, 'seller_willingness': 0.11499999999999999}",MGNX NA trial discontinued terminated withdrawn Protege Extension Trial - Long Term Follow Up Trial for Subjects Who Completed the Protege Study (CP-MGA031-01) NCT00870818
MGNX,target,trial_discontinuation,negative,0.969,0.385,0.65,clinicaltrials_gov,2026-07-16,https://clinicaltrials.gov/api/v2/studies/NCT04582864,c82c200b35ad,False,"{'asset_quality': -0.271788125, 'seller_willingness': 0.1261435}",MGNX Phase 2 trial discontinued terminated withdrawn Flotetuzumab for Relapsed Acute Myeloid Leukemia (AML) and Myelodysplastic Syndrome (MDS) Following Allogeneic Hematopoietic Cell Transplantation (
ERAS,target,trial_discontinuation,negative,0.969,0.385,0.65,clinicaltrials_gov,2026-07-16,https://clinicaltrials.gov/api/v2/studies/NCT04294160,0271d2618afc,False,"{'asset_quality': -0.24671525, 'seller_willingness': 0.11499999999999999}",ERAS Phase 1 trial discontinued terminated withdrawn A Study of Select Drug Combinations in Adult Patients With Advanced/Metastatic BRAF V600 Colorectal Cancer NCT04294160
ERAS,target,trial_discontinuation,negative,0.969,0.385,0.65,clinicaltrials_gov,2026-07-16,https://clinicaltrials.gov/api/v2/studies/NCT02974725,0271d2618afc,False,"{'asset_quality': -0.24671525, 'seller_willingness': 0.11499999999999999}",ERAS Phase 1 trial discontinued terminated withdrawn A Phase Ib Study of LXH254-centric Combinations in NSCLC or Melanoma NCT02974725
ERAS,target,trial_discontinuation,negative,0.969,0.385,0.65,clinicaltrials_gov,2026-07-16,https://clinicaltrials.gov/api/v2/studies/NCT02607813,0271d2618afc,False,"{'asset_quality': -0.24671525, 'seller_willingness': 0.11499999999999999}",ERAS Phase 1 trial discontinued terminated withdrawn Phase I Study of LXH254 in Patients With Advanced Solid Tumors Haboring MAPK Pathway Alterations NCT02607813
NUVB,target,clinical_positive_ph2,positive,0.95,0.682,0.4,clinicaltrials_gov,2026-07-16,https://clinicaltrials.gov/api/v2/studies/NCT04919811,c68e23a8fa3f,False,"{'asset_quality': 0.076475, 'catalyst_timing': 0.03277499999999999}",NUVB Phase 2 trial active enrollment complete Taletrectinib Phase 2 Global Study in ROS1 Positive NSCLC NCT04919811
PRME,target,clinical_negative_ph3,negative,0.969,1.0,0.7,clinicaltrials_gov,2026-07-16,https://clinicaltrials.gov/api/v2/studies/NCT00872001,ca0b51ee5698,True,"{'asset_quality': -0.37374999999999997, 'seller_willingness': 0.0823722}",PRME Phase 3 trial discontinued terminated withdrawn The Effect Of Acadesine On Reducing Cardiovascular and Cerebrovascular Adverse Events In Coronary Artery Bypass Graft (CABG) Surgery (Study P05633 
PRME,target,trial_discontinuation,negative,0.969,0.385,0.65,clinicaltrials_gov,2026-07-16,https://clinicaltrials.gov/api/v2/studies/NCT01016795,d2e96834c29b,False,"{'asset_quality': -0.271788125, 'seller_willingness': 0.1261435}",PRME Phase 2 trial discontinued terminated withdrawn Stem Cell Factor (SCF) Priming of Haematopoietic Stem Cell Grafts in Malignant Lymphoma NCT01016795
AUPH,target,trial_discontinuation,negative,0.969,0.385,0.65,clinicaltrials_gov,2026-07-16,https://clinicaltrials.gov/api/v2/studies/NCT00689767,a1bd9432bb27,False,"{'asset_quality': -0.25785874999999997, 'seller_willingness': 0.11499999999999999}",AUPH NA trial discontinued terminated withdrawn COronary Native Artery First in Man Investigation of ISA 247 Elution to Prevent Restenotic Mechanisms (CONFIRM 1) NCT00689767
AUPH,target,trial_discontinuation,negative,0.969,0.385,0.65,clinicaltrials_gov,2026-07-16,https://clinicaltrials.gov/api/v2/studies/NCT05306873,1fce560994cc,False,"{'asset_quality': -0.271788125, 'seller_willingness': 0.1261435}",AUPH Phase 2 trial discontinued terminated withdrawn Examining Distinct Immunophenotypes to Validate and Enhance Rational Treatment in Systemic Lupus NCT05306873
AUPH,target,clinical_negative_ph3,negative,0.969,1.0,0.7,clinicaltrials_gov,2026-07-16,https://clinicaltrials.gov/api/v2/studies/NCT01586845,79ae7c42f1a6,True,"{'asset_quality': -0.37374999999999997, 'seller_willingness': 0.0823722}",AUPH Phase 3 trial discontinued terminated withdrawn Safety and Efficacy Study of Voclosporin and Tacrolimus in Transplantation NCT01586845
AUPH,target,trial_discontinuation,negative,0.969,0.385,0.65,clinicaltrials_gov,2026-07-16,https://clinicaltrials.gov/api/v2/studies/NCT03598036,1fce560994cc,False,"{'asset_quality': -0.3533245625, 'seller_willingness': 0.0756861}",AUPH Phase 2 trial discontinued terminated withdrawn Dose-Exploration Evaluating the Efficacy and Safety of Voclosporin in Subjects With Focal Segmental Glomerulosclerosis NCT03598036
AUPH,target,clinical_negative_ph3,negative,0.969,1.0,0.7,clinicaltrials_gov,2026-07-16,https://clinicaltrials.gov/api/v2/studies/NCT05962788,79ae7c42f1a6,True,"{'asset_quality': -0.2875, 'seller_willingness': 0.137287}",AUPH Phase 3 trial discontinued terminated withdrawn Long-Term Voclosporin Treatment in Adolescent and Pediatric Subjects With Lupus Nephritis NCT05962788
PLRX,target,trial_discontinuation,negative,0.969,0.385,0.65,clinicaltrials_gov,2026-07-16,https://clinicaltrials.gov/api/v2/studies/NCT06097260,4545b8beae56,False,"{'asset_quality': -0.3533245625, 'seller_willingness': 0.0756861}","PLRX Phase 2 trial discontinued terminated withdrawn Randomized, Double-blind Study of Efficacy and Safety of Bexotegrast (PLN-74809) for Idiopathic Pulmonary Fibrosis NCT06097260"
ANAB,target,clinical_negative_ph3,negative,0.969,1.0,0.7,clinicaltrials_gov,2026-07-16,https://clinicaltrials.gov/api/v2/studies/NCT05366855,fb322094ddc3,True,"{'asset_quality': -0.37374999999999997, 'seller_willingness': 0.0823722}",ANAB Phase 3 trial discontinued terminated withdrawn Study to Evaluate the Long-Term Safety and Efficacy of Imsidolimab (ANB019) in the Treatment of Subjects With GPP NCT05366855
ANAB,target,trial_discontinuation,negative,0.969,0.385,0.65,clinicaltrials_gov,2026-07-16,https://clinicaltrials.gov/api/v2/studies/NCT04697069,9d71bb17abed,False,"{'asset_quality': -0.3533245625, 'seller_willingness': 0.0756861}",ANAB Phase 2 trial discontinued terminated withdrawn A Study to Evaluate of the Efficacy and Safety of Imsidolimab (ANB019) in the Treatment of Acneiform Rash NCT04697069
ANAB,target,trial_discontinuation,negative,0.969,0.385,0.65,clinicaltrials_gov,2026-07-16,https://clinicaltrials.gov/api/v2/studies/NCT04697056,9d71bb17abed,False,"{'asset_quality': -0.3533245625, 'seller_willingness': 0.0756861}",ANAB Phase 2 trial discontinued terminated withdrawn A Study to Evaluate the Efficacy and Safety of Imsidolimab (ANB019) in the Treatment of Participants With Ichthyosis NCT04697056
GPCR,target,trial_discontinuation,negative,0.969,0.385,0.65,clinicaltrials_gov,2026-07-16,https://clinicaltrials.gov/api/v2/studies/NCT00461266,2760dadb69e6,False,"{'asset_quality': -0.25785874999999997, 'seller_willingness': 0.11499999999999999}",GPCR Phase 4 trial discontinued terminated withdrawn ESP Study: A Study to Assess the Effect of Adding Fuzeon (Enfuvirtide) to an Antiretroviral Regimen in Fuzeon-Naive Patients With Sustained HIV Vir
GPCR,target,trial_discontinuation,negative,0.969,0.385,0.65,clinicaltrials_gov,2026-07-16,https://clinicaltrials.gov/api/v2/studies/NCT01619410,2760dadb69e6,False,"{'asset_quality': -0.25785874999999997, 'seller_willingness': 0.11499999999999999}",GPCR NA trial discontinued terminated withdrawn Asymptomatic Colonization With S. Aureus After Therapy With Linezolid or Clindamycin for Acute Skin Infections NCT01619410
ACRS,target,trial_discontinuation,negative,0.969,0.385,0.65,clinicaltrials_gov,2026-07-16,https://clinicaltrials.gov/api/v2/studies/NCT05791474,828ed618f96c,False,"{'asset_quality': -0.24671525, 'seller_willingness': 0.11499999999999999}",ACRS Phase 1 trial discontinued terminated withdrawn ATI-2231 in Advanced Solid Tumor Malignancies NCT05791474
CNTA,target,trial_discontinuation,negative,0.969,0.385,0.65,clinicaltrials_gov,2026-07-16,https://clinicaltrials.gov/api/v2/studies/NCT06597656,589c7f05ca52,False,"{'asset_quality': -0.32072982499999997, 'seller_willingness': 0.06899999999999999}",CNTA Phase 1 trial discontinued terminated withdrawn A Gene Transfer Therapy to Evaluate the Safety and Efficacy of Delandistrogene Moxeparvovec (SRP-9001) Following Therapeutic Plasma Exchange (Plasm
CNTA,target,trial_discontinuation,negative,0.969,0.385,0.65,clinicaltrials_gov,2026-07-16,https://clinicaltrials.gov/api/v2/studies/NCT06241950,589c7f05ca52,False,"{'asset_quality': -0.32072982499999997, 'seller_willingness': 0.06899999999999999}",CNTA Phase 1 trial discontinued terminated withdrawn A Gene Transfer Therapy Study to Evaluate the Safety and Efficacy of Delandistrogene Moxeparvovec (SRP-9001) Following Imlifidase Infusion in Parti
PFE,acquirer,trial_discontinuation,negative,0.969,0.385,0.65,clinicaltrials_gov,2026-07-16,https://clinicaltrials.gov/api/v2/studies/NCT02385500,3c162e241e91,False,"{'asset_quality': -0.25785874999999997, 'seller_willingness': 0.11499999999999999}",PFE Phase 4 trial discontinued terminated withdrawn Fesoterodine on Urgency Episodes in Parkinson's Disease Population NCT02385500
PFE,acquirer,trial_discontinuation,negative,0.969,0.385,0.65,clinicaltrials_gov,2026-07-16,https://clinicaltrials.gov/api/v2/studies/NCT04777383,3c162e241e91,False,"{'asset_quality': -0.25785874999999997, 'seller_willingness': 0.11499999999999999}",PFE NA trial discontinued terminated withdrawn The Effects of Iontophoresed Vasoactive Drugs on Cutaneus Blood Flow NCT04777383
MRK,acquirer,trial_discontinuation,negative,0.969,0.385,0.65,clinicaltrials_gov,2026-07-16,https://clinicaltrials.gov/api/v2/studies/NCT01052311,2d2cefa9567d,False,"{'asset_quality': -0.25785874999999997, 'seller_willingness': 0.11499999999999999}",MRK Phase 4 trial discontinued terminated withdrawn The Impact of Tredaptive on Flow-Mediated Dilation in Cardiac Patients NCT01052311
BMY,acquirer,clinical_negative_ph3,negative,0.969,1.0,0.7,clinicaltrials_gov,2026-07-16,https://clinicaltrials.gov/api/v2/studies/NCT01482286,3828605a9278,True,"{'asset_quality': -0.2875, 'seller_willingness': 0.137287}",BMY Phase 3 trial discontinued terminated withdrawn Effect of Weight and Insulin Sensitivity on Reproductive Function in PCOS NCT01482286
AMGN,acquirer,clinical_negative_ph3,negative,0.969,1.0,0.7,clinicaltrials_gov,2026-07-16,https://clinicaltrials.gov/api/v2/studies/NCT02352753,420c90907d5d,True,"{'asset_quality': -0.37374999999999997, 'seller_willingness': 0.0823722}","AMGN Phase 3 trial discontinued terminated withdrawn Multicenter,Single-arm Study to Evaluate Efficacy, Safety, & Pharmacokinetics of Denosumab in Children w/ OI NCT02352753"
AMGN,acquirer,trial_discontinuation,negative,0.969,0.385,0.65,clinicaltrials_gov,2026-07-16,https://clinicaltrials.gov/api/v2/studies/NCT01865630,a0e111787b3a,False,"{'asset_quality': -0.32072982499999997, 'seller_willingness': 0.06899999999999999}",AMGN Phase 1 trial discontinued terminated withdrawn Safety and Efficacy Study of Etanercept for Aneurysmal Subarachnoid Hemorrhage NCT01865630
GILD,acquirer,trial_discontinuation,negative,0.969,0.385,0.65,clinicaltrials_gov,2026-07-16,https://clinicaltrials.gov/api/v2/studies/NCT03472326,a0d1d030b953,False,"{'asset_quality': -0.271788125, 'seller_willingness': 0.1261435}",GILD Phase 2 trial discontinued terminated withdrawn Study to Evaluate the Efficacy of GS-9131 Functional Monotherapy in Human Immunodeficiency Virus (HIV)-1-Infected Adults Failing a Nucleos(t)Ide Re
GILD,acquirer,trial_discontinuation,negative,0.969,0.385,0.65,clinicaltrials_gov,2026-07-16,https://clinicaltrials.gov/api/v2/studies/NCT02556333,a0d1d030b953,False,"{'asset_quality': -0.271788125, 'seller_willingness': 0.1261435}",GILD Phase 2 trial discontinued terminated withdrawn Emtricitabine/Tenofovir Alafenamide as Salvage ART NCT02556333
REGN,acquirer,trial_discontinuation,negative,0.969,0.385,0.65,clinicaltrials_gov,2026-07-16,https://clinicaltrials.gov/api/v2/studies/NCT04790786,fb6ada2cdc7a,False,"{'asset_quality': -0.25785874999999997, 'seller_willingness': 0.11499999999999999}","REGN Phase 4 trial discontinued terminated withdrawn UPMC OPTIMISE-C19 Trial, a COVID-19 Study NCT04790786"
VRTX,acquirer,clinical_negative_ph3,negative,0.969,1.0,0.7,clinicaltrials_gov,2026-07-16,https://clinicaltrials.gov/api/v2/studies/NCT03464019,f3e47d3e68db,True,"{'asset_quality': -0.37374999999999997, 'seller_willingness': 0.0823722}",VRTX Phase 3 trial discontinued terminated withdrawn Efficacy and Safety of Etripamil for the Termination of Spontaneous Paroxysmal Supraventricular Tachycardia (PSVT). NCT03464019
VRTX,acquirer,trial_discontinuation,negative,0.969,0.385,0.65,clinicaltrials_gov,2026-07-16,https://clinicaltrials.gov/api/v2/studies/NCT02269566,fbfd347aa314,False,"{'asset_quality': -0.24671525, 'seller_willingness': 0.11499999999999999}","VRTX Phase 1 trial discontinued terminated withdrawn Intralymphatic Immunotherapy (ILIT) for House Dust Mite, Cat, and Dog Allergen in Allergic Rhinitis Patients NCT02269566"
LLY,acquirer,trial_discontinuation,negative,0.969,0.385,0.65,clinicaltrials_gov,2026-07-16,https://clinicaltrials.gov/api/v2/studies/NCT01116531,dbd5e27fe5b8,False,"{'asset_quality': -0.335216375, 'seller_willingness': 0.06899999999999999}","LLY Phase 4 trial discontinued terminated withdrawn Efficacy, Safety, Tolerability and Pharmacokinetics of Concomitant Administration of Tramadol With Duloxetine or Pregabalin NCT01116531"
RHHBY,acquirer,trial_discontinuation,negative,0.969,0.385,0.65,clinicaltrials_gov,2026-07-16,https://clinicaltrials.gov/api/v2/studies/NCT03573986,e2519895fcac,False,"{'asset_quality': -0.24671525, 'seller_willingness': 0.11499999999999999}",RHHBY Phase 1 trial discontinued terminated withdrawn Pilot Study of 18F-FMISO PET/CT and MRI Imaging to Explore Tissue Hypoxia and Arteriovenous Shunting in Subjects With Recurrent Glioblastoma Befor
AZN,acquirer,trial_discontinuation,negative,0.969,0.385,0.65,clinicaltrials_gov,2026-07-16,https://clinicaltrials.gov/api/v2/studies/NCT00967356,ad4701608cd3,False,"{'asset_quality': -0.24671525, 'seller_willingness': 0.11499999999999999}",AZN Phase 1 trial discontinued terminated withdrawn AZD5985 Single Ascending Dose Study NCT00967356
SNY,acquirer,trial_discontinuation,negative,0.969,0.385,0.65,clinicaltrials_gov,2026-07-16,https://clinicaltrials.gov/api/v2/studies/NCT00568854,e65e550858b6,False,"{'asset_quality': -0.25785874999999997, 'seller_willingness': 0.11499999999999999}",SNY NA trial discontinued terminated withdrawn Immunobiology of Diabetes and Tuberculosis NCT00568854
SNY,acquirer,trial_discontinuation,negative,0.969,0.385,0.65,clinicaltrials_gov,2026-07-16,https://clinicaltrials.gov/api/v2/studies/NCT06229392,d1f55d703639,False,"{'asset_quality': -0.24671525, 'seller_willingness': 0.11499999999999999}",SNY Phase 1 trial discontinued terminated withdrawn A Study to Evaluate the Intratumoral Influenza Vaccine Administration in Patients With Breast Cancer NCT06229392
GSK,acquirer,trial_discontinuation,negative,0.969,0.385,0.65,clinicaltrials_gov,2026-07-16,https://clinicaltrials.gov/api/v2/studies/NCT01125787,69336c3c9468,False,"{'asset_quality': -0.271788125, 'seller_willingness': 0.1261435}",GSK Phase 2 trial discontinued terminated withdrawn Clinical Protocol for the Treatment of Patients With Previously Untreated Chronic Lymphocytic Leukemia With a Combination of Bendamustine and Ofatum
TAK,acquirer,trial_discontinuation,negative,0.969,0.385,0.65,clinicaltrials_gov,2026-07-16,https://clinicaltrials.gov/api/v2/studies/NCT03038009,64fbfd0252e9,False,"{'asset_quality': -0.25785874999999997, 'seller_willingness': 0.11499999999999999}",TAK Phase 4 trial discontinued terminated withdrawn Proton Pump Inhibitor Prevent Dual Antiplatelet Agents Induced Gastrointestinal Ulcer After Coronary Artery Bypass Graft NCT03038009
BIIB,acquirer,trial_discontinuation,negative,0.969,0.385,0.65,clinicaltrials_gov,2026-07-16,https://clinicaltrials.gov/api/v2/studies/NCT00664573,bafd1c6dc869,False,"{'asset_quality': -0.3533245625, 'seller_willingness': 0.0756861}",BIIB Phase 2 trial discontinued terminated withdrawn 104RA204 Assessment of the Safety and Efficacy of BG9924 in Rheumatoid Arthritis (RA) Participants NCT00664573
BIIB,acquirer,trial_discontinuation,negative,0.969,0.385,0.65,clinicaltrials_gov,2026-07-16,https://clinicaltrials.gov/api/v2/studies/NCT00801060,bafd1c6dc869,False,"{'asset_quality': -0.3533245625, 'seller_willingness': 0.0756861}","BIIB Phase 2 trial discontinued terminated withdrawn Evaluation of Safety and Efficacy of Fludarabine, Cyclophosphamide, and Rituximab (FCR) +/- Lumiliximab in Subjects With Previously Untreated Chron"
UTHR,acquirer,trial_discontinuation,negative,0.969,0.385,0.65,clinicaltrials_gov,2026-07-16,https://clinicaltrials.gov/api/v2/studies/NCT03295695,81111e7d625f,False,"{'asset_quality': -0.25785874999999997, 'seller_willingness': 0.11499999999999999}",UTHR EARLY_Phase 1 trial discontinued terminated withdrawn PET-CT Imaging Using FDG-labeled Human Erythrocytes in Breast Cancer Patient NCT03295695
MRNA,acquirer,trial_discontinuation,negative,0.969,0.385,0.65,clinicaltrials_gov,2026-07-16,https://clinicaltrials.gov/api/v2/studies/NCT05069636,851c2c517e1e,False,"{'asset_quality': -0.25785874999999997, 'seller_willingness': 0.11499999999999999}",MRNA NA trial discontinued terminated withdrawn Lymphatic Osteopathic Manipulative Medicine to Enhance Coronavirus (COVID-19) Vaccination Efficacy NCT05069636
MRNA,acquirer,trial_discontinuation,negative,0.969,0.385,0.65,clinicaltrials_gov,2026-07-16,https://clinicaltrials.gov/api/v2/studies/NCT05584202,378b18a4aa75,False,"{'asset_quality': -0.3533245625, 'seller_willingness': 0.0756861}","MRNA Phase 2 trial discontinued terminated withdrawn Study to Evaluate the Safety, Reactogenicity, and Effectiveness of mRNA-1273.214 SARS-CoV-2 (COVID-19) Vaccine in Infants NCT05584202"
ALPMY,acquirer,trial_discontinuation,negative,0.969,0.385,0.65,clinicaltrials_gov,2026-07-16,https://clinicaltrials.gov/api/v2/studies/NCT02057289,6edf1894195e,False,"{'asset_quality': -0.24671525, 'seller_willingness': 0.11499999999999999}",ALPMY Phase 1 trial discontinued terminated withdrawn A Pharmacokinetic Study of Pediatric Micafungin Prophylaxis NCT02057289
SMPMF,acquirer,trial_discontinuation,negative,0.969,0.385,0.65,clinicaltrials_gov,2026-07-16,https://clinicaltrials.gov/api/v2/studies/NCT03604783,5cea3cc7d327,False,"{'asset_quality': -0.24671525, 'seller_willingness': 0.11499999999999999}","SMPMF Phase 1 trial discontinued terminated withdrawn Phase 1, First-in-human Study of Oral TP-1287 in Patients with Advanced Solid Tumors NCT03604783"
