deal_id,acquirer,bucket_name,bucket_type,candidate_target,candidate_ticker,candidate_public_status_at_snapshot,candidate_asset,therapeutic_area,indication,modality,stage_at_snapshot,estimated_market_cap_or_value_at_snapshot,source_url,source_published_date,data_as_of_date,why_plausible,why_available,why_affordable,rights_or_encumbrance_status,manual_review_status
VRTX_SEMMA_20190903,VRTX,VRTX_SEMMA_2019,core,ViaCyte,private_VCYT,private,PEC-Direct / PEC-Encap (stem-cell pancreatic progenitors),diabetes_endocrine,type_1_diabetes,cell_therapy,clinical,unknown_private,,2019-09-01,2019-09-01,Direct T1D beta-cell replacement platform — same strategic problem as Semma,No acquisition as of 2019-09-01,Private company; last known financing ~$320M total raised,No confirmed acquisition or licensing exclusivity as of snapshot,approved_core
VRTX_SEMMA_20190903,VRTX,VRTX_SEMMA_2019,core,Sernova Corp,SVA.TO,public,Cell Pouch + therapeutic cells,diabetes_endocrine,type_1_diabetes,cell_therapy_device,phase1_2,~50M CAD,,2019-09-01,2019-09-01,Implantable cell pouch for T1D — device + cell therapy strategy similar to Semma encapsulation approach,No acquisition as of snapshot,Microcap; affordable for VRTX,No confirmed encumbrance,approved_core
VRTX_SEMMA_20190903,VRTX,VRTX_SEMMA_2019,core,Sigilon Therapeutics,SGTX,public,Shielded Living Therapeutics encapsulated cell therapy,diabetes_endocrine,type_1_diabetes,encapsulated_cell_therapy,phase1,~300M,,2019-09-01,2019-09-01,Direct encapsulated cell therapy for T1D; Lilly collaboration but not yet acquired,Available until Lilly acquisition 2023,Affordable in 2019; Lilly paid ~$34.6M upfront in CVR deal,Lilly T1D collaboration — encumbrance check required,approved_core
VRTX_SEMMA_20190903,VRTX,VRTX_SEMMA_2019,core,CellTrans Inc,private_CLTR,private,Lantidra (donor islet cellular therapy),diabetes_endocrine,type_1_diabetes,donor_islet_cell_therapy,phase3,unknown_private,,2019-09-01,2019-09-01,First FDA-approved cellular therapy for T1D proves replacement-cell modality,Private; no confirmed acquisition,Private company; small,Donor-cell supply limits scalability vs Semma,approved_adjacent
VRTX_SEMMA_20190903,VRTX,VRTX_SEMMA_2019,core,Beta-O2 Technologies,private_BO2,private,Beta-O2 encapsulated islet implant,diabetes_endocrine,type_1_diabetes,encapsulated_islet_device,phase1,unknown_private,,2019-09-01,2019-09-01,Device/islet replacement adjacency — encapsulation + immune protection approach,Private; no confirmed acquisition,Private; small,Device regulatory complexity,pending
VRTX_SEMMA_20190903,VRTX,VRTX_SEMMA_2019,core,Seraxis,private_SRXS,private,Stem-cell-derived islets,diabetes_endocrine,type_1_diabetes,stem_cell_derived_islets,preclinical,unknown_private,,2019-09-01,2019-09-01,Direct biology adjacency — scalable stem-cell-derived islets same as Semma approach,Private; no confirmed acquisition,Private; small,Sparse financial data,pending
VRTX_SEMMA_20190903,VRTX,VRTX_SEMMA_2019,core,Encellin,private_ENCL,private,Implantable cell therapy pouch,diabetes_endocrine,type_1_diabetes,cell_therapy_device,preclinical,unknown_private,,2019-09-01,2019-09-01,Device/cell therapy adjacency; proprietary encapsulation material,Private; no confirmed acquisition,Private; very early stage,Sparse financial data,pending
VRTX_SEMMA_20190903,VRTX,VRTX_SEMMA_2019,core,iTolerance,private_ITOL,private,Immune-tolerant regenerative medicine / T1D transplant tolerance,diabetes_endocrine,type_1_diabetes,immune_tolerance,preclinical,unknown_private,,2019-09-01,2019-09-01,T1D transplant-tolerance adjacency — complementary to cell replacement,Private; no confirmed acquisition,Private; early stage,Sparse financial data,pending
VRTX_SEMMA_20190903,VRTX,VRTX_SEMMA_2019,core,Kadimastem,KDM.TA,public_israel,Stem-cell-derived pancreatic islets,diabetes_endocrine,type_1_diabetes,stem_cell_derived_islets,preclinical,~30M ILS,,2019-09-01,2019-09-01,Beta-cell replacement adjacency; Israeli public company with sparse US data,No confirmed acquisition,Microcap; affordable,Israel-listed; limited US data access,pending
VRTX_SEMMA_20190903,VRTX,VRTX_SEMMA_2019,adjacent,CRISPR Therapeutics,CRSP,public,VCTX210 / VCTX211 gene-edited T1D cell therapies,diabetes_endocrine,type_1_diabetes,gene_edited_cell_therapy,preclinical,~2500M,,2019-09-01,2019-09-01,Gene-edited immune-evasive T1D cells — same biological problem as Semma,No confirmed acquisition; no ViaCyte deal yet in 2019,VRTX could afford; strategic overlap with ViaCyte collaboration,CRISPR/ViaCyte collaboration — rights entanglement check,approved_adjacent
VRTX_SEMMA_20190903,VRTX,VRTX_SEMMA_2019,adjacent,Provention Bio,PRVB,public,teplizumab (Tzield) anti-CD3 T1D delay,diabetes_endocrine,type_1_diabetes,anti_cd3_antibody,phase3,~400M,,2019-09-01,2019-09-01,T1D specialty asset preventing/delaying T1D onset; Sanofi acquired 2023,Available until Sanofi acquisition 2023,Affordable for VRTX in 2019,No confirmed encumbrance in 2019,approved_stretch
VRTX_SEMMA_20190903,VRTX,VRTX_SEMMA_2019,adjacent,Orgenesis,ORGS,public,Cell/gene therapy manufacturing + diabetes programs,diabetes_endocrine,type_1_diabetes,cell_gene_therapy_platform,phase2,~200M,,2019-09-01,2019-09-01,Regenerative medicine/cell therapy platform with diabetes angle,No confirmed acquisition,Affordable for VRTX,Platform asset specificity weak for T1D focus,pending
VRTX_SEMMA_20190903,VRTX,VRTX_SEMMA_2019,adjacent,Diamyd Medical,DMYD-B.ST,public_sweden,GAD65 antigen-specific immunotherapy for T1D,diabetes_endocrine,type_1_diabetes,antigen_specific_immunotherapy,phase2,~100M SEK,,2019-09-01,2019-09-01,T1D disease-modifying approach — immune angle complementary to beta-cell replacement,No confirmed acquisition,Microcap; affordable,Sweden-listed; limited US data,pending
VRTX_SEMMA_20190903,VRTX,VRTX_SEMMA_2019,adjacent,Imcyse,private_IMCY,private,Antigen-specific immunotherapy for T1D,diabetes_endocrine,type_1_diabetes,antigen_specific_immunotherapy,phase1,unknown_private,,2019-09-01,2019-09-01,Immune-modifying T1D platform — complementary immune angle,Private; no confirmed acquisition,Private; early stage,Private data limited,pending
VRTX_SEMMA_20190903,VRTX,VRTX_SEMMA_2019,adjacent,Fate Therapeutics,FATE,public,iPSC-derived cell therapy platform,diabetes_endocrine,type_1_diabetes_adjacent,ipsc_cell_therapy,phase1,~1200M,,2019-09-01,2019-09-01,iPSC platform could address T1D — adjacent cell therapy manufacturing,No confirmed acquisition for T1D programs,VRTX could afford,Celgene/BMS oncology program encumbrance — check scope,pending
VRTX_SEMMA_20190903,VRTX,VRTX_SEMMA_2019,adjacent,Pandion Therapeutics,PAND,public,PT101 / autoimmune T cell regulation,diabetes_endocrine,type_1_diabetes_immune,biologic_immunoregulation,phase1,~500M,,2019-09-01,2019-09-01,T1D immune-regulation platform — tolerance angle adjacent to beta-cell protection,No confirmed acquisition in 2019,Affordable for VRTX,No confirmed encumbrance,pending
VRTX_SEMMA_20190903,VRTX,VRTX_SEMMA_2019,adjacent,Caladrius Biosciences,CLBS,public,CLBS03 T regulatory cell therapy T1D,diabetes_endocrine,type_1_diabetes,t_reg_cell_therapy,phase2,~100M,,2019-09-01,2019-09-01,T regulatory cell therapy for T1D — immune tolerance approach,No confirmed acquisition,Microcap; affordable,No confirmed encumbrance,pending
VRTX_SEMMA_20190903,VRTX,VRTX_SEMMA_2019,adjacent,Tolerion,private_TLRN,private,TOL-3021 T regulatory cells T1D,diabetes_endocrine,type_1_diabetes,t_reg_cell_therapy,phase2,unknown_private,,2019-09-01,2019-09-01,T regulatory cell therapy approach for T1D beta-cell protection,Private; no confirmed acquisition,Private company,Private data limited,pending
VRTX_SEMMA_20190903,VRTX,VRTX_SEMMA_2019,stretch,Zealand Pharma,ZEAL.CO,public,dasiglucagon / glucagon analogs,diabetes_endocrine,hypoglycemia_and_t1d_management,peptide,phase3,~3000M DKK,,2019-09-01,2019-09-01,T1D metabolic management asset — indirect adjacency,No confirmed acquisition,Denmark-listed; affordable,No confirmed encumbrance,pending
VRTX_SEMMA_20190903,VRTX,VRTX_SEMMA_2019,stretch,Viking Therapeutics,VKTX,public,VK2809 / VK0612 metabolic assets,metabolic,metabolic_disease,small_molecule,phase2,~300M,,2019-09-01,2019-09-01,Metabolic disease platform — adjacent to diabetes/endocrine,No confirmed acquisition,Affordable for VRTX,No confirmed encumbrance,pending
VRTX_SEMMA_20190903,VRTX,VRTX_SEMMA_2019,stretch,Tolerogenix,private_TGNX,private,Regulatory T cell-based tolerance,diabetes_endocrine,type_1_diabetes,t_reg_tolerance,preclinical,unknown_private,,2019-09-01,2019-09-01,T regulatory tolerance approach,Private; no confirmed acquisition,Private; early stage,Sparse data,pending
VRTX_SEMMA_20190903,VRTX,VRTX_SEMMA_2019,stretch,Xencor,XNCR,public,IL-2 variants / immune-modifying biologics,immunology,autoimmune,biologic_cytokine_variant,phase1,~1500M,,2019-09-01,2019-09-01,Engineered IL-2 could support T1D immune tolerance — stretch adjacency,No confirmed acquisition,VRTX could afford,Partner encumbrance check required,pending
VRTX_SEMMA_20190903,VRTX,VRTX_SEMMA_2019,stretch,Coherus BioSciences,CHRS,public,Biosimilar and immuno-oncology platform,immunology,autoimmune_adjacent,biologic_biosimilar,commercial,~1000M,,2019-09-01,2019-09-01,Immunology biologics platform — stretch fit,No confirmed acquisition,Affordable,Biosimilar focus reduces strategic fit,pending
VRTX_SEMMA_20190903,VRTX,VRTX_SEMMA_2019,decoy,Novo Nordisk,NVO,public,Ozempic / insulin portfolio,diabetes_endocrine,type_2_diabetes,small_molecule_biologic,commercial,~150000M,,2019-09-01,2019-09-01,T2D leader but not T1D cell therapy — size and focus mismatch,No acquisition by VRTX,Far too large for VRTX to acquire,No encumbrance; excluded by size,pending
VRTX_SEMMA_20190903,VRTX,VRTX_SEMMA_2019,decoy,Eli Lilly,LLY,public,insulin portfolio / Sigilon collaborator,diabetes_endocrine,type_1_2_diabetes,small_molecule_biologic,commercial,~100000M,,2019-09-01,2019-09-01,T1D/T2D leader — acquirer of Sigilon; far too large,No acquisition by VRTX,Far too large for VRTX,Sigilon collaboration encumbrance,pending
VRTX_SEMMA_20190903,VRTX,VRTX_SEMMA_2019,decoy,bluebird bio,BLUE,public,gene therapy rare disease,rare_disease,rare_genetic_disease,gene_therapy,phase3,~3000M,,2019-09-01,2019-09-01,Gene therapy platform but not T1D — modality adjacent but TA mismatch,No confirmed acquisition,Affordable for VRTX,No encumbrance,pending
VRTX_SEMMA_20190903,VRTX,VRTX_SEMMA_2019,decoy,Ionis Pharmaceuticals,IONS,public,Antisense oligonucleotide platform,diabetes_endocrine,metabolic_adjacent,antisense_oligonucleotide,commercial,~5000M,,2019-09-01,2019-09-01,AstraZeneca/Biogen partner; oligonucleotide not cell therapy,No confirmed acquisition,VRTX could afford,AstraZeneca/Biogen partnerships limit acquisition,pending
VRTX_SEMMA_20190903,VRTX,VRTX_SEMMA_2019,core,Parvus Therapeutics,private_PRVS,private,Nanoparticle antigen-specific tolerance T1D,diabetes_endocrine,type_1_diabetes,nanoparticle_tolerance,phase1,unknown_private,,2019-09-01,2019-09-01,Antigen-specific tolerance — complementary immune approach to beta-cell therapy,Private; no confirmed acquisition,Private; small,Private data limited,pending
VRTX_SEMMA_20190903,VRTX,VRTX_SEMMA_2019,stretch,Selecta Biosciences,SELB,public,immune tolerance nanoparticle platform,immunology,autoimmune_tolerance,nanoparticle_svp,phase2,~300M,,2019-09-01,2019-09-01,Immune tolerance platform — could complement cell replacement strategy,No confirmed acquisition,Affordable for VRTX,No confirmed encumbrance,pending
VRTX_SEMMA_20190903,VRTX,VRTX_SEMMA_2019,adjacent,Cour Pharmaceutical,private_COUR,private,Immune tolerance nanoparticles T1D,diabetes_endocrine,type_1_diabetes,nanoparticle_tolerance,phase1,unknown_private,,2019-09-01,2019-09-01,Nanoparticle tolerance platform for T1D — immune angle adjacent to islet cell therapy,Private; no confirmed acquisition,Private; small,Private data limited,pending
VRTX_SEMMA_20190903,VRTX,VRTX_SEMMA_2019,stretch,UniQure,QURE,public,AAV gene therapy platform,rare_disease,haemophilia_adjacent,aav_gene_therapy,phase3,~1500M,,2019-09-01,2019-09-01,AAV platform adjacent to cell/gene therapy — stretch fit,No confirmed acquisition,Affordable,No confirmed encumbrance,pending
VRTX_SEMMA_20190903,VRTX,VRTX_SEMMA_2019,stretch,Sangamo Therapeutics,SGMO,public,Zinc finger gene editing / cell therapy,rare_disease,rare_genetic_adjacent,gene_editing_zfn,phase1,~1200M,,2019-09-01,2019-09-01,Gene editing platform — stretch fit for T1D cell engineering,No confirmed acquisition in 2019,Affordable for VRTX,Biogen collaboration — check scope,pending
VRTX_SEMMA_20190903,VRTX,VRTX_SEMMA_2019,stretch,Arctus Bio,private_ARCT,private,Cell therapy / regenerative medicine,diabetes_endocrine,type_1_diabetes_adjacent,cell_therapy,preclinical,unknown_private,,2019-09-01,2019-09-01,Cell therapy regenerative medicine adjacent to T1D,Private; no confirmed acquisition,Private; small,Sparse data,pending
VRTX_SEMMA_20190903,VRTX,VRTX_SEMMA_2019,stretch,Crinetics Pharmaceuticals,CRNX,public,Paltusotine / SST agonists endocrine,diabetes_endocrine,acromegaly_endocrine,small_molecule_sst,phase3,~800M,,2019-09-01,2019-09-01,Endocrine/metabolic focus — adjacent hormone platform,No confirmed acquisition,Affordable for VRTX,No confirmed encumbrance,pending
VRTX_SEMMA_20190903,VRTX,VRTX_SEMMA_2019,stretch,Intarcia Therapeutics,private_INTA,private,ITCA 650 exenatide osmotic mini-pump T2D,diabetes_endocrine,type_2_diabetes,drug_device_combination,phase3,unknown_private,,2019-09-01,2019-09-01,T2D drug-device — adjacent metabolic; not T1D cell therapy,Private; failed to obtain FDA approval 2019,Private; distressed in 2019,Technology failure risk,pending
VRTX_SEMMA_20190903,VRTX,VRTX_SEMMA_2019,stretch,Tolerance Therapeutics,private_TLTX,private,Immunological tolerance for organ transplant,immunology,transplant_tolerance,tolerance_biologics,preclinical,unknown_private,,2019-09-01,2019-09-01,Transplant tolerance approach — adjacent to islet cell immune protection,Private; no confirmed acquisition,Private; early stage,Sparse data,pending
VRTX_SEMMA_20190903,VRTX,VRTX_SEMMA_2019,stretch,Regenera Medical,private_RGMA,private,Cellular reprogramming / regenerative,diabetes_endocrine,type_1_diabetes_adjacent,cellular_reprogramming,preclinical,unknown_private,,2019-09-01,2019-09-01,Cellular reprogramming adjacent to beta-cell regeneration,Private; no confirmed acquisition,Private; early stage,Sparse data,pending
VRTX_SEMMA_20190903,VRTX,VRTX_SEMMA_2019,adjacent,Evotec,EVT.DE,public,Diabetes/beta-cell research platform,diabetes_endocrine,type_1_diabetes_research,drug_discovery_platform,research,~1500M EUR,,2019-09-01,2019-09-01,Beta-cell biology research platform — academic/research-stage,No confirmed acquisition,German-listed; VRTX could afford,Multiple pharma partnerships limit full acquisition,pending
VRTX_SEMMA_20190903,VRTX,VRTX_SEMMA_2019,adjacent,Rubius Therapeutics,RUBY,public,Red cell therapeutics / immune tolerance,immunology,type_1_diabetes_immune,red_cell_therapy,phase1,~800M,,2019-09-01,2019-09-01,Red cell therapy / immune tolerance adjacent to T1D,No confirmed acquisition,Affordable for VRTX,No confirmed encumbrance,pending
VRTX_VIACYTE_20220711,VRTX,VRTX_VIACYTE_2022,core,Semma Therapeutics,SEMMA,acquired_by_vrtx_2019,VX-880 stem-cell islets,diabetes_endocrine,type_1_diabetes,cell_therapy,commercial_pipeline,acquired,,2022-07-01,2022-07-01,Vertex already owns Semma,reject_already_acquired,reject_already_acquired,Vertex acquired Semma 2019 — cannot be a 2022 negative,reject_already_acquired
VRTX_VIACYTE_20220711,VRTX,VRTX_VIACYTE_2022,core,Sigilon Therapeutics,SGTX,public,Shielded Living Therapeutics T1D,diabetes_endocrine,type_1_diabetes,encapsulated_cell_therapy,phase1,~300M,,2022-07-01,2022-07-01,Encapsulated cell therapy T1D — direct ViaCyte competitor,No acquisition before Jul 2022; Lilly deal 2023,Affordable for VRTX,Lilly T1D collaboration — rights check required,approved_core
VRTX_VIACYTE_20220711,VRTX,VRTX_VIACYTE_2022,core,Sernova Corp,SVA.TO,public,Cell Pouch device + cells,diabetes_endocrine,type_1_diabetes,cell_therapy_device,phase1_2,~50M CAD,,2022-07-01,2022-07-01,Implantable cell pouch T1D — same device/cell strategy,No acquisition as of Jul 2022,Microcap,No confirmed encumbrance,approved_core
VRTX_VIACYTE_20220711,VRTX,VRTX_VIACYTE_2022,core,Sana Biotechnology,SANA,public,Hypoimmune engineered cells / T1D islets,diabetes_endocrine,type_1_diabetes,hypoimmune_cell_therapy,phase1,~1200M,,2022-07-01,2022-07-01,Hypoimmune stem-cell islets for T1D — same biology as ViaCyte PEC programs,No acquisition as of Jul 2022,Affordable for VRTX,No confirmed encumbrance in 2022; check program disclosure timing,needs_snapshot_check
VRTX_VIACYTE_20220711,VRTX,VRTX_VIACYTE_2022,core,Beta-O2 Technologies,private_BO2,private,Encapsulated islet implant,diabetes_endocrine,type_1_diabetes,encapsulated_islet_device,phase1,unknown_private,,2022-07-01,2022-07-01,Direct encapsulation strategy,Private; no acquisition,Private; small,No confirmed encumbrance,pending
VRTX_VIACYTE_20220711,VRTX,VRTX_VIACYTE_2022,adjacent,CRISPR Therapeutics,CRSP,public,VCTX210/VCTX211 gene-edited islets,diabetes_endocrine,type_1_diabetes,gene_edited_cell_therapy,preclinical,~3000M,,2022-07-01,2022-07-01,Gene-edited hypoimmune islets — ViaCyte collaboration partner,Available as public company,VRTX could afford,ViaCyte collaboration creates rights entanglement — reject,reject_rights_encumbered
VRTX_VIACYTE_20220711,VRTX,VRTX_VIACYTE_2022,adjacent,Provention Bio,PRVB,public,Teplizumab Tzield T1D delay,diabetes_endocrine,type_1_diabetes,anti_cd3_antibody,phase3,~400M,,2022-07-01,2022-07-01,T1D specialty — delays onset; complementary to cell replacement,No acquisition in 2022; Sanofi 2023,Affordable,No confirmed encumbrance in 2022,approved_stretch
VRTX_VIACYTE_20220711,VRTX,VRTX_VIACYTE_2022,adjacent,CellTrans Inc,private_CLTR,private,Lantidra donor islet cellular therapy,diabetes_endocrine,type_1_diabetes,donor_islet_cell_therapy,phase3,unknown_private,,2022-07-01,2022-07-01,FDA-approved T1D cell replacement proof of concept,Private; no acquisition,Private; small,Donor-cell supply constraint,approved_adjacent
VRTX_VIACYTE_20220711,VRTX,VRTX_VIACYTE_2022,stretch,Kadimastem,KDM.TA,public_israel,Stem-cell pancreatic islets,diabetes_endocrine,type_1_diabetes,stem_cell_islets,preclinical,~30M ILS,,2022-07-01,2022-07-01,Direct T1D stem-cell islet platform,No acquisition,Microcap,Israel-listed; limited US data,pending
VRTX_VIACYTE_20220711,VRTX,VRTX_VIACYTE_2022,stretch,Orgenesis,ORGS,public,Cell/gene therapy manufacturing + diabetes,diabetes_endocrine,type_1_diabetes,cell_gene_therapy_platform,phase2,~200M,,2022-07-01,2022-07-01,Cell therapy manufacturing platform with diabetes angle,No confirmed acquisition,Affordable,Platform asset; weak T1D fit,pending
VRTX_VIACYTE_20220711,VRTX,VRTX_VIACYTE_2022,decoy,Eli Lilly,LLY,public,Insulin + Sigilon T1D collaboration,diabetes_endocrine,type_1_2_diabetes,small_molecule_biologic,commercial,~300000M,,2022-07-01,2022-07-01,T1D/T2D leader — too large; Sigilon collaborator,No acquisition by VRTX,Far too large,Sigilon collaboration encumbrance,reject_too_large_or_not_acquirable
VRTX_EXONICS_20190606,VRTX,VRTX_EXONICS_2019,core,Solid Biosciences,SLDB,public,SGT-001 AAV microdystrophin DMD,rare_disease_neuromuscular,duchenne_muscular_dystrophy,aav_gene_therapy,phase1_2,~600M,,2019-06-01,2019-06-01,Direct DMD gene therapy competitor,No acquisition as of Jun 2019,Affordable for VRTX,No confirmed encumbrance,approved_core
VRTX_EXONICS_20190606,VRTX,VRTX_EXONICS_2019,core,Sarepta Therapeutics,SRPT,public,Eteplirsen / PMO exon skipping DMD,rare_disease_neuromuscular,duchenne_muscular_dystrophy,exon_skipping_pmo,commercial,~8000M,,2019-06-01,2019-06-01,Best-known DMD company; exon-skipping expertise,No acquisition by VRTX,Likely too expensive for pure tuck-in,No confirmed encumbrance,approved_stretch
VRTX_EXONICS_20190606,VRTX,VRTX_EXONICS_2019,adjacent,REGENXBIO,RGNX,public,AAV gene therapy platform,rare_disease_neuromuscular,rare_genetic_disease,aav_gene_therapy,phase1_2,~1200M,,2019-06-01,2019-06-01,AAV gene delivery platform adjacent to DMD gene editing,No acquisition in 2019,Affordable for VRTX,No confirmed encumbrance,approved_adjacent
VRTX_EXONICS_20190606,VRTX,VRTX_EXONICS_2019,adjacent,Wave Life Sciences,WVE,public,Stereopure oligonucleotides / neuromuscular,rare_disease_neuromuscular,duchenne_muscular_dystrophy,stereopure_oligonucleotide,phase2,~800M,,2019-06-01,2019-06-01,Oligonucleotide DMD platform — adjacent genetic medicine modality,No acquisition in 2019,Affordable,No confirmed encumbrance,approved_adjacent
VRTX_EXONICS_20190606,VRTX,VRTX_EXONICS_2019,adjacent,Ultragenyx Pharmaceutical,RARE,public,Rare disease / UX701 gene therapy,rare_disease,rare_genetic_disease,aav_gene_therapy,phase1_2,~3000M,,2019-06-01,2019-06-01,Rare disease strategic fit; gene therapy platform,No acquisition in 2019,VRTX could afford,No confirmed encumbrance,approved_stretch
VRTX_EXONICS_20190606,VRTX,VRTX_EXONICS_2019,adjacent,Dyne Therapeutics,DYNE,private_2019,FORCE platform DMD/DM1,rare_disease_neuromuscular,duchenne_muscular_dystrophy,antibody_oligo_conjugate,preclinical,unknown_private_2019,,2019-06-01,2019-06-01,DMD/DM1 AOC platform very similar to Exonics target diseases,Not yet public in 2019,Private; small,Not public in 2019 — data availability issue,needs_snapshot_check
VRTX_EXONICS_20190606,VRTX,VRTX_EXONICS_2019,adjacent,Entrada Therapeutics,ENTR,private_2019,FORCETM endosomal escape platform DMD,rare_disease_neuromuscular,duchenne_muscular_dystrophy,cell_penetrating_peptide,preclinical,unknown_private_2019,,2019-06-01,2019-06-01,Endosomal escape platform for neuromuscular — adjacent modality,Not yet public in 2019,Private; early,Not public in 2019 — data availability issue,needs_snapshot_check
VRTX_EXONICS_20190606,VRTX,VRTX_EXONICS_2019,adjacent,PepGen,PEPG,private_2019,Peptide-enhanced exon skipping DMD,rare_disease_neuromuscular,duchenne_muscular_dystrophy,peptide_enhanced_oligo,preclinical,unknown_private_2019,,2019-06-01,2019-06-01,Peptide-enhanced ASO for DMD — direct Exonics adjacent,Not yet public in 2019,Private,Not public in 2019,needs_snapshot_check
VRTX_EXONICS_20190606,VRTX,VRTX_EXONICS_2019,stretch,Rocket Pharmaceuticals,RCKT,public,Gene therapy rare disease,rare_disease,rare_genetic_disease,lentiviral_aav_gene_therapy,phase1_2,~1200M,,2019-06-01,2019-06-01,Rare disease gene therapy — modality adjacency,No acquisition in 2019,Affordable,No confirmed encumbrance,pending
VRTX_EXONICS_20190606,VRTX,VRTX_EXONICS_2019,stretch,Applied Genetic Technologies,AGTC,public,AAV gene therapy ophthalmic,rare_disease,rare_genetic_ophthalmic,aav_gene_therapy,phase2_3,~600M,,2019-06-01,2019-06-01,AAV gene therapy platform — modality adjacent but TA mismatch,No acquisition in 2019,Affordable,No confirmed encumbrance,pending
VRTX_EXONICS_20190606,VRTX,VRTX_EXONICS_2019,decoy,BioMarin Pharmaceutical,BMRN,public,Prosensa/kyndrisa — already owns exon-skipping IP,rare_disease_neuromuscular,duchenne_muscular_dystrophy,exon_skipping,commercial,~15000M,,2019-06-01,2019-06-01,BioMarin acquired Prosensa 2014 — already owns key DMD IP,Prosensa already acquired before 2019,BioMarin too large,Prosensa acquired — BioMarin controls IP,reject_already_acquired
VRTX_EXONICS_20190606,VRTX,VRTX_EXONICS_2019,decoy,Santhera Pharmaceuticals,SANN.SW,public,Vamorolone / idebenone DMD,rare_disease_neuromuscular,duchenne_muscular_dystrophy,small_molecule,phase3,~300M CHF,,2019-06-01,2019-06-01,DMD small molecule — different modality from Exonics gene editing,No acquisition,Affordable but wrong modality,No confirmed encumbrance,pending
VRTX_ALPINE_20240410,VRTX,VRTX_ALPINE_2024,core,Vera Therapeutics,VERA,public,Atacicept BAFF/APRIL blocker IgAN,immunology_nephrology,IgA_nephropathy,biologic_fusion_protein,phase3,~1500M,,2024-01-01,2024-01-01,Closest public BAFF/APRIL IgAN comparator to Alpine povetacicept,No acquisition as of Apr 2024,Affordable for VRTX,No confirmed encumbrance,approved_core
VRTX_ALPINE_20240410,VRTX,VRTX_ALPINE_2024,core,Travere Therapeutics,TVTX,public,Filspari sparsentan IgAN,immunology_nephrology,IgA_nephropathy,small_molecule_dual,commercial,~1200M,,2024-01-01,2024-01-01,Commercial IgAN asset; Filspari ~$9900/mo — direct comparator,No acquisition as of Apr 2024,Affordable for VRTX,No confirmed encumbrance,approved_core
VRTX_ALPINE_20240410,VRTX,VRTX_ALPINE_2024,core,Calliditas Therapeutics,CALT,public,Nefecon (Tarpeyo) targeted IgAN,immunology_nephrology,IgA_nephropathy,targeted_release_budesonide,commercial,~800M,,2024-01-01,2024-01-01,First approved IgAN budesonide therapy — direct comparator,No Asahi acquisition announced pre-Apr 2024,Affordable for VRTX,Asahi Kasei acquisition process — check exact timing vs snapshot,approved_core
VRTX_ALPINE_20240410,VRTX,VRTX_ALPINE_2024,core,Chinook Therapeutics,KDNY,public,BION-1301 anti-APRIL IgAN,immunology_nephrology,IgA_nephropathy,anti_april_antibody,phase2,acquired_novartis_2023,,2024-01-01,2024-01-01,Direct anti-APRIL IgAN target — same mechanism as Alpine,Acquired by Novartis Jul 2023 — INVALID for 2024 snapshots,N/A — already acquired,Novartis acquisition 2023 — not available,reject_already_acquired
VRTX_ALPINE_20240410,VRTX,VRTX_ALPINE_2024,adjacent,Omeros Corporation,OMER,public,OMS721 complement inhibitor IgAN,immunology_nephrology,IgA_nephropathy,complement_inhibitor,phase3,~500M,,2024-01-01,2024-01-01,Complement pathway IgAN — adjacent mechanism,No acquisition as of Apr 2024,Affordable,No confirmed encumbrance,approved_adjacent
VRTX_ALPINE_20240410,VRTX,VRTX_ALPINE_2024,adjacent,Kezar Life Sciences,KZR,public,KZR-616 immunoproteasome inhibitor autoimmune kidney,immunology_nephrology,lupus_nephritis_igan_adjacent,small_molecule,phase2,~200M,,2024-01-01,2024-01-01,Autoimmune kidney adjacency — different target but same organ,No acquisition,Affordable,No confirmed encumbrance,pending
VRTX_ALPINE_20240410,VRTX,VRTX_ALPINE_2024,adjacent,Arrowhead Pharmaceuticals,ARWR,public,ARO-AGT / RNAi kidney disease,immunology_nephrology,kidney_disease,rnai,phase2,~2500M,,2024-01-01,2024-01-01,RNAi kidney disease adjacent; VRTX expanding into nephrology,No acquisition as of Apr 2024,Affordable,No confirmed encumbrance,pending
VRTX_ALPINE_20240410,VRTX,VRTX_ALPINE_2024,adjacent,Kyverna Therapeutics,KYTX,public,KYV-101 CAR-T autoimmune,immunology,autoimmune_kidney_lupus,car_t_autoimmune,phase1_2,~600M,,2024-01-01,2024-01-01,CAR-T autoimmune kidney adjacency — integration complexity is very different,No acquisition as of Apr 2024,Affordable,No confirmed encumbrance,approved_stretch
VRTX_ALPINE_20240410,VRTX,VRTX_ALPINE_2024,adjacent,Cabaletta Bio,CABA,public,CABA-201 CAR-T autoimmune,immunology,autoimmune_kidney,car_t_autoimmune,phase1,~400M,,2024-01-01,2024-01-01,CAR-T autoimmune adjacency,No acquisition,Affordable,No confirmed encumbrance,pending
VRTX_ALPINE_20240410,VRTX,VRTX_ALPINE_2024,adjacent,Immunovant,IMVT,public,Batoclimab anti-FcRn autoimmune,immunology,autoimmune_broad,anti_fcrn_biologic,phase3,~3000M,,2024-01-01,2024-01-01,FcRn autoimmune platform — adjacent autoimmune biology,No acquisition,VRTX could afford,No confirmed encumbrance,approved_stretch
VRTX_ALPINE_20240410,VRTX,VRTX_ALPINE_2024,adjacent,Renagade Therapeutics,RNAC,public,mRNA LNP in vivo gene editing kidney,immunology_nephrology,kidney_disease,mrna_lnp,preclinical,~800M,,2024-01-01,2024-01-01,In vivo gene editing kidney — platform adjacency,No acquisition,Affordable,No confirmed encumbrance,pending
VRTX_ALPINE_20240410,VRTX,VRTX_ALPINE_2024,stretch,Apellis Pharmaceuticals,APLS,public,Pegcetacoplan / C3 complement blocker,immunology_nephrology,C3G_PNH_IgAN_adjacent,complement_inhibitor,commercial,~4000M,,2024-01-01,2024-01-01,Complement platform with IgAN study — adjacent mechanism,No acquisition,VRTX could afford,Ophthalmology/commercial complexity,approved_stretch
VRTX_ALPINE_20240410,VRTX,VRTX_ALPINE_2024,stretch,Argenx,ARGX,public,Efgartigimod FcRn autoimmune,immunology,autoimmune_broad,anti_fcrn_biologic,commercial,~20000M,,2024-01-01,2024-01-01,FcRn autoimmune — too large and not IgAN-specific,No acquisition,Far too large for VRTX,No encumbrance; excluded by size,reject_too_large_or_not_acquirable
VRTX_ALPINE_20240410,VRTX,VRTX_ALPINE_2024,decoy,Novartis (Chinook assets),NVS,public,Iptacopan / Atrasentan IgAN pipeline,immunology_nephrology,IgA_nephropathy,small_molecule,phase3,~250000M,,2024-01-01,2024-01-01,Novartis owns IgAN pipeline post-Chinook — not acquirable,Not a target; too large,Far too large,Novartis is acquirer not target,reject_too_large_or_not_acquirable
REGN_DECIBEL_20230809,REGN,REGN_DECIBEL_2023,core,Sensorion,SRNN.PA,public,SENS-401 / gene therapy hearing loss,rare_disease_hearing,sensorineural_hearing_loss,small_molecule_gene_therapy,phase2,~150M EUR,,2023-05-01,2023-05-01,Direct hearing-loss gene therapy competitor,No acquisition as of Aug 2023,Affordable for REGN,No confirmed encumbrance,approved_core
REGN_DECIBEL_20230809,REGN,REGN_DECIBEL_2023,core,Akouos,AKUS,acquired_lilly_2022,AK-OTOF AAV gene therapy OTOF hearing,rare_disease_hearing,otoferlin_related_hearing_loss,aav_gene_therapy,phase1,acquired,,2023-05-01,2023-05-01,Direct OTOF AAV gene therapy — closest DB-OTO competitor,Acquired by Lilly Dec 2022 — INVALID for 2023 snapshots,N/A — already acquired,Lilly acquisition Dec 2022,reject_already_acquired
REGN_DECIBEL_20230809,REGN,REGN_DECIBEL_2023,adjacent,Frequency Therapeutics,FREQ,public,FX-322 hearing regeneration,rare_disease_hearing,sensorineural_hearing_loss,small_molecule_progenitor,phase2,~50M,,2023-05-01,2023-05-01,Hearing regeneration — different mechanism but same organ/disease,Clinical failure context; very low cap,Affordable,No confirmed encumbrance; clinical failure risk,approved_adjacent
REGN_DECIBEL_20230809,REGN,REGN_DECIBEL_2023,adjacent,Otonomy,OTIC,public,OTO-413 BDNF hearing,rare_disease_hearing,sensorineural_hearing_loss,biologic_bdnf,phase2,~100M,,2023-05-01,2023-05-01,Otology hearing drug — direct disease adjacency,Check viability/financial status in 2023,Affordable,Financial distress check required,needs_snapshot_check
REGN_DECIBEL_20230809,REGN,REGN_DECIBEL_2023,stretch,MeiraGTx,MGTX,public,AAV gene therapy ophthalmic/hearing,rare_disease,rare_genetic_disease,aav_gene_therapy,phase2_3,~600M,,2023-05-01,2023-05-01,"AAV gene therapy platform — platform adjacency, not hearing-specific",No acquisition in 2023,Affordable,No confirmed encumbrance,approved_stretch
REGN_DECIBEL_20230809,REGN,REGN_DECIBEL_2023,stretch,REGENXBIO,RGNX,public,RGX-202 DMD / AAV platform,rare_disease,rare_genetic_disease,aav_gene_therapy,phase1_2,~800M,,2023-05-01,2023-05-01,AAV platform adjacent — not hearing-specific,No acquisition in 2023,Affordable,No confirmed encumbrance,approved_stretch
REGN_DECIBEL_20230809,REGN,REGN_DECIBEL_2023,stretch,Rocket Pharmaceuticals,RCKT,public,Gene therapy rare disease lentiviral/AAV,rare_disease,rare_genetic_disease,lentiviral_aav,phase2_3,~1200M,,2023-05-01,2023-05-01,Rare disease gene therapy platform — stretch hearing adjacency,No acquisition in 2023,Affordable,No confirmed encumbrance,approved_stretch
REGN_DECIBEL_20230809,REGN,REGN_DECIBEL_2023,stretch,Passage Bio,PASG,public,AAV gene therapy CNS,rare_disease,rare_cns_disease,aav_gene_therapy,phase1_2,~400M,,2023-05-01,2023-05-01,CNS/AAV platform — not inner-ear specific,No acquisition in 2023,Affordable,No confirmed encumbrance,approved_stretch
REGN_DECIBEL_20230809,REGN,REGN_DECIBEL_2023,stretch,Voyager Therapeutics,VYGR,public,AAV capsid engineering platform,rare_disease,rare_cns_disease,aav_capsid_platform,phase1,~500M,,2023-05-01,2023-05-01,AAV capsid platform — multiple partnerships encumber,No acquisition in 2023,Affordable,Multiple partnerships — check scope,approved_stretch
REGN_DECIBEL_20230809,REGN,REGN_DECIBEL_2023,stretch,Intellia Therapeutics,NTLA,public,CRISPR in vivo gene editing,rare_disease,rare_genetic_disease,crispr_gene_editing,phase1_2,~2000M,,2023-05-01,2023-05-01,Genetic medicine platform — stretch hearing adjacency,No acquisition,REGN could afford,No confirmed encumbrance,approved_stretch
REGN_DECIBEL_20230809,REGN,REGN_DECIBEL_2023,stretch,Beam Therapeutics,BEAM,public,Base editing genetic medicine,rare_disease,rare_genetic_disease,base_editing,phase1_2,~1500M,,2023-05-01,2023-05-01,Base editing platform — stretch hearing adjacency,No acquisition,Affordable,NTLA settlement context,approved_stretch
REGN_DECIBEL_20230809,REGN,REGN_DECIBEL_2023,decoy,Eli Lilly / Akouos,LLY,public,AK-OTOF hearing (now Lilly asset),rare_disease_hearing,otoferlin_related_hearing_loss,aav_gene_therapy,phase1,~300000M,,2023-05-01,2023-05-01,"Lilly owns Akouos — competitor, not target",Lilly too large; owns target,Far too large,Lilly owns closest OTOF competitor,reject_too_large_or_not_acquirable
REGN_CHECKMATE_20220302,REGN,REGN_CHECKMATE_2022,core,Idera Pharmaceuticals,IDRA,public,Tilsotolimod TLR9 agonist melanoma,oncology_immunology,melanoma_solid_tumor,tlr9_agonist,phase3,~200M,,2022-01-01,2022-01-01,Direct TLR9 melanoma comparator to vidutolimod/CMP-001,No acquisition as of Mar 2022,Affordable for REGN,No confirmed encumbrance,approved_core
REGN_CHECKMATE_20220302,REGN,REGN_CHECKMATE_2022,adjacent,Dynavax Technologies,DVAX,public,SD-101 TLR9 agonist / HEPLISAV-B,oncology_immunology,melanoma_vaccine_adjacent,tlr9_agonist,phase2,~1200M,,2022-01-01,2022-01-01,TLR9 biology — vaccine/adjuvant orientation not pure IO,No acquisition in 2022,Affordable,No confirmed encumbrance,approved_adjacent
REGN_CHECKMATE_20220302,REGN,REGN_CHECKMATE_2022,adjacent,Agenus,AGEN,public,IO antibody platform checkpoint + adjuvants,oncology_immunology,solid_tumor_io,biologic_checkpoint,phase2_3,~500M,,2022-01-01,2022-01-01,IO platform with innate immune activation — adjacent to TLR9/CMP-001,No acquisition in 2022,Affordable,No confirmed encumbrance; seller willingness check,approved_adjacent
REGN_CHECKMATE_20220302,REGN,REGN_CHECKMATE_2022,adjacent,Xencor,XNCR,public,XmAb bispecifics / IL-2 variants,oncology_immunology,solid_tumor_autoimmune,bispecific_antibody,phase1_2,~1500M,,2022-01-01,2022-01-01,Bispecific platform adjacent to REGN's Dupixent/cemiplimab IO,No acquisition in 2022,REGN could afford,Multiple partnerships — check scope,approved_adjacent
REGN_CHECKMATE_20220302,REGN,REGN_CHECKMATE_2022,adjacent,CytomX Therapeutics,CTMX,public,Probody IO antibodies conditional activation,oncology_immunology,solid_tumor_io,probody_biologic,phase2,~300M,,2022-01-01,2022-01-01,Conditionally activated IO antibody platform — IO adjacency,No acquisition in 2022; BMS partnership context,Affordable,BMS Probody collaboration — partnership encumbrance,approved_adjacent
REGN_CHECKMATE_20220302,REGN,REGN_CHECKMATE_2022,adjacent,F-star Therapeutics,FSTX,public,Bispecific FS118 LAG-3/PD-L1,oncology_immunology,solid_tumor_io,bispecific_antibody,phase2,~200M,,2022-01-01,2022-01-01,Bispecific IO platform — REGN bispecific strategy adjacency,Check if invoX/Sino acquisition closed before Mar 2022,Affordable,invoX/Sino Biopharm acquisition — check exact closing date,needs_snapshot_check
REGN_CHECKMATE_20220302,REGN,REGN_CHECKMATE_2022,adjacent,Surface Oncology,SURF,public,SRF388 IL-27 / SRF617 CD39 IO,oncology_immunology,solid_tumor_io,biologic_checkpoint,phase1_2,~300M,,2022-01-01,2022-01-01,IO checkpoint adjacency — innate immune pathway,Check corporate transaction before Mar 2022,Affordable,Check corporate transaction status,needs_snapshot_check
REGN_CHECKMATE_20220302,REGN,REGN_CHECKMATE_2022,adjacent,NextCure,NXTC,public,NC410 fibronectin domain immune regulator,oncology_immunology,solid_tumor_io,biologic_novel_checkpoint,phase2,~100M,,2022-01-01,2022-01-01,Novel checkpoint IO — innate immune adjacency,No acquisition in 2022,Affordable,No confirmed encumbrance,pending
REGN_CHECKMATE_20220302,REGN,REGN_CHECKMATE_2022,stretch,Nektar Therapeutics,NKTR,public,NKTR-214 bempegaldesleukin IL-2 IO,oncology_immunology,solid_tumor_io,peg_il2_cytokine,phase3,~1500M,,2022-01-01,2022-01-01,IO cytokine asset — clinical failures context but IO strategy fit,Clinical failure history; depressed valuation,Affordable post-failures,BMS collaboration context,approved_stretch
REGN_CHECKMATE_20220302,REGN,REGN_CHECKMATE_2022,stretch,Arcus Biosciences,RCUS,public,AB928 adenosine / zimberelimab IO combos,oncology_immunology,solid_tumor_io,small_molecule_biologic,phase2,~1000M,,2022-01-01,2022-01-01,IO combination platform — REGN strategy fit,No acquisition in 2022,REGN could afford,Gilead partnership makes REGN acquisition very unlikely,reject_rights_encumbered
REGN_CHECKMATE_20220302,REGN,REGN_CHECKMATE_2022,stretch,Iovance Biotherapeutics,IOVA,public,TIL therapy Lifileucel melanoma,oncology_immunology,melanoma_solid_tumor,til_cell_therapy,phase3,~1500M,,2022-01-01,2022-01-01,TIL cell therapy melanoma — IO strategy adjacency,No acquisition in 2022,REGN could afford,Manufacturing complexity for TIL different from antibody/small molecule,approved_stretch
REGN_CHECKMATE_20220302,REGN,REGN_CHECKMATE_2022,stretch,Werewolf Therapeutics,HOWL,public,INDUKINE conditionally activated cytokines,oncology_immunology,solid_tumor_io,conditionally_activated_cytokine,phase1,~300M,,2022-01-01,2022-01-01,Conditionally activated cytokines IO — stretch adjacency,No acquisition,Affordable,No confirmed encumbrance,pending
REGN_CHECKMATE_20220302,REGN,REGN_CHECKMATE_2022,decoy,Merck (Keytruda PD-1),MRK,public,Keytruda pembrolizumab,oncology_immunology,solid_tumor_io,anti_pd1,commercial,~200000M,,2022-01-01,2022-01-01,PD-1 market leader — too large; not acquirable,Too large for REGN,Far too large,Competitor not target,reject_too_large_or_not_acquirable
REGN_2SEVENTY_20240101,REGN,REGN_2SEVENTY_2024,core,Autolus Therapeutics,AUTL,public,Obecabtagene AUTO3 / AUTO1 CAR-T,oncology_cell_therapy,B_cell_malignancies,car_t,phase2_3,~600M,,2024-01-01,2024-01-01,CAR-T cell therapy comparator — same modality,No acquisition in Jan 2024,Affordable for REGN,No confirmed encumbrance,approved_core
REGN_2SEVENTY_20240101,REGN,REGN_2SEVENTY_2024,core,Allogene Therapeutics,ALLO,public,AlloCAR-T ALLO-501 allogeneic CAR-T,oncology_cell_therapy,B_cell_malignancies,allogeneic_car_t,phase2,~800M,,2024-01-01,2024-01-01,Allogeneic CAR-T platform — same off-the-shelf manufacturing thesis as 2seventy assets,No acquisition in Jan 2024,Affordable,No confirmed encumbrance,approved_core
REGN_2SEVENTY_20240101,REGN,REGN_2SEVENTY_2024,core,Fate Therapeutics,FATE,public,iPSC-derived NK/CAR-NK platform,oncology_cell_therapy,hematologic_malignancies,ipsc_car_nk,phase1_2,~500M,,2024-01-01,2024-01-01,iPSC cell therapy platform — clinical setbacks but modality fit,Distressed valuation after setbacks,Affordable post-setbacks,Celgene/BMS oncology program context — check scope,approved_core
REGN_2SEVENTY_20240101,REGN,REGN_2SEVENTY_2024,core,Cellectis,CLLS,public,UCART allogeneic gene-edited CAR-T,oncology_cell_therapy,hematologic_malignancies,allogeneic_gene_edited_car_t,phase1_2,~400M,,2024-01-01,2024-01-01,Gene-edited allogeneic CAR-T platform — direct 2seventy comparator,No acquisition in Jan 2024,Affordable,Servier/Pfizer licensing — check scope,approved_core
REGN_2SEVENTY_20240101,REGN,REGN_2SEVENTY_2024,core,Caribou Biosciences,CRBU,public,CRISPR-edited allogeneic CAR-T CB-010,oncology_cell_therapy,B_cell_malignancies,crispr_allogeneic_car_t,phase1,~400M,,2024-01-01,2024-01-01,CRISPR-edited allogeneic CAR-T — direct comparator,No acquisition in Jan 2024,Affordable,No confirmed encumbrance,approved_core
REGN_2SEVENTY_20240101,REGN,REGN_2SEVENTY_2024,adjacent,Adaptimmune Therapeutics,ADAP,public,ADP-A2AFP / PRAME TCR-T solid tumor,oncology_cell_therapy,solid_tumor_cell_therapy,tcr_t,phase2,~400M,,2024-01-01,2024-01-01,TCR-T solid tumor — adjacent cell therapy modality,No acquisition in Jan 2024,Affordable,No confirmed encumbrance,approved_adjacent
REGN_2SEVENTY_20240101,REGN,REGN_2SEVENTY_2024,adjacent,Immatics,IMTX,public,IMA203 PRAME TCR-T platform,oncology_cell_therapy,solid_tumor_cell_therapy,tcr_t,phase2,~600M,,2024-01-01,2024-01-01,TCR platform solid tumor — adjacent to heme cell therapy,No acquisition,Affordable,No confirmed encumbrance,approved_adjacent
REGN_2SEVENTY_20240101,REGN,REGN_2SEVENTY_2024,adjacent,Iovance Biotherapeutics,IOVA,public,Lifileucel TIL therapy melanoma,oncology_cell_therapy,melanoma_solid_tumor,til_cell_therapy,commercial,~2000M,,2024-01-01,2024-01-01,TIL cell therapy — adjacent manufacturing and IO strategy,No acquisition in Jan 2024,REGN could afford,Manufacturing complexity,approved_adjacent
REGN_2SEVENTY_20240101,REGN,REGN_2SEVENTY_2024,adjacent,Nkarta,NKTX,public,NKX101 allogeneic NK cell therapy,oncology_cell_therapy,hematologic_malignancies,allogeneic_nk,phase1,~300M,,2024-01-01,2024-01-01,Allogeneic NK cell therapy — adjacent cell modality,No acquisition,Affordable,No confirmed encumbrance,approved_adjacent
REGN_2SEVENTY_20240101,REGN,REGN_2SEVENTY_2024,adjacent,Precision BioSciences,DTIL,public,ARCUS gene-edited allogeneic CAR-T,oncology_cell_therapy,hematologic_malignancies,gene_edited_allogeneic_car_t,phase1,~200M,,2024-01-01,2024-01-01,Gene-edited allogeneic CAR-T — direct comparator,Restructuring context in 2024,Affordable; distressed,Financial restructuring — check viability,pending
REGN_2SEVENTY_20240101,REGN,REGN_2SEVENTY_2024,stretch,TScan Therapeutics,TCRX,public,TCR-T discovery platform,oncology_cell_therapy,solid_tumor_cell_therapy,tcr_t_platform,phase1,~200M,,2024-01-01,2024-01-01,TCR-T discovery platform — stretch adjacent,No acquisition,Affordable,No confirmed encumbrance,approved_adjacent
REGN_2SEVENTY_20240101,REGN,REGN_2SEVENTY_2024,decoy,Legend Biotech / J&J Carvykti,LEGN,public,Carvykti CAR-T myeloma,oncology_cell_therapy,multiple_myeloma,car_t_bcma,commercial,~7000M,,2024-01-01,2024-01-01,J&J/Carvykti partnership — not a clean acquisition target,J&J partnership makes acquisition complex,J&J-encumbered,J&J Carvykti rights — not acquirable cleanly,reject_rights_encumbered
REGN_2SEVENTY_20240101,REGN,REGN_2SEVENTY_2024,decoy,Arcellx,ACLX,public,CART-ddBCMA myeloma CAR-T,oncology_cell_therapy,multiple_myeloma,car_t_bcma,phase2,~2500M,,2024-01-01,2024-01-01,CAR-T myeloma comparator — Gilead/Kite partnership,No acquisition in Jan 2024,REGN could afford,Gilead/Kite relationship — encumbrance check,reject_rights_encumbered
