acquirer_ticker,acquirer_name,target_ticker,target_name,deal_type,announced_date,deal_value_usd_millions,deal_value_type,upfront_usd_millions,cvr_max_usd_millions,therapeutic_area,lead_asset,lead_asset_modality,lead_asset_stage_at_deal,indication,verified,verification_source,verification_url,label_set,include_in_primary_backtest,include_in_secondary_backtest,verification_confidence,exclusion_reason,notes
VRTX,Vertex Pharmaceuticals,SEMMA,Semma Therapeutics,full_acquisition,2019-09-03,950.0,cash,950.0,,diabetes_endocrine,VX-880 (stem-cell-derived islets),cell_therapy,preclinical,type_1_diabetes,TRUE,vertex_press_release,https://news.vrtx.com/news-releases/news-release-details/vertex-acquire-semma-therapeutics-goal-developing-curative-cell,primary_full_company_acquisition,TRUE,FALSE,confirmed,,Official Vertex press release 2019-09-03; Semma was private at acquisition; $950M all-cash
VRTX,Vertex Pharmaceuticals,ALPN,Alpine Immune Sciences,full_acquisition,2024-04-10,4900.0,cash,4900.0,,immunology_nephrology,povetacicept,biologic_fusion_protein,phase2,IgA_nephropathy,TRUE,vertex_press_release,https://news.vrtx.com/news-releases/news-release-details/vertex-enters-agreement-acquire-alpine-immune-sciences,primary_full_company_acquisition,TRUE,FALSE,confirmed,,Official Vertex press release 2024-04-10; $65/share ~$4.9B cash ~$4.6B net of cash acquired
REGN,Regeneron Pharmaceuticals,DBTX,Decibel Therapeutics,full_acquisition,2023-08-09,109.0,cash_plus_cvr,109.0,213.0,rare_disease_hearing,DB-OTO,aav_gene_therapy,phase1_2,otoferlin_related_hearing_loss,TRUE,regeneron_press_release,https://investor.regeneron.com/news-releases/news-release-details/regeneron-acquire-decibel-therapeutics-strengthening-gene,primary_full_company_acquisition,TRUE,FALSE,confirmed,,Official Regeneron press release 2023-08-09; ~$109M upfront + up to ~$213M CVR; DB-OTO AAV gene therapy OTOF mutations
VRTX,Vertex Pharmaceuticals,VCYT,ViaCyte,full_acquisition,2022-07-11,320.0,cash,320.0,,diabetes_endocrine,PEC-01 / PEC-Direct / PEC-Encap (stem-cell pancreatic progenitors),cell_therapy,clinical,type_1_diabetes,TRUE,vertex_press_release,https://news.vrtx.com/news-releases/news-release-details/vertex-acquire-viacyte-goal-accelerating-its-potentially,primary_full_company_acquisition,TRUE,FALSE,confirmed,,Official Vertex press release 2022-07-11; ViaCyte private at acquisition; $320M all-cash; stem-cell pancreatic progenitor platform including PEC-01/PEC-Direct/PEC-Encap and hypoimmune assets via CRISPR Therapeutics collaboration
VRTX,Vertex Pharmaceuticals,EXON,Exonics Therapeutics,full_acquisition,2019-06-06,245.0,cash_plus_milestones,245.0,1000.0,rare_disease_neuromuscular,DMD gene editing / exon-skipping platform,gene_editing,preclinical,duchenne_muscular_dystrophy,TRUE,vertex_press_release,https://news.vrtx.com/news-releases/news-release-details/vertex-expands-new-disease-areas-and-enhances-gene-editing,primary_full_company_acquisition,TRUE,FALSE,confirmed,,Official Vertex press release 2019-06-06; Exonics was private at acquisition; $245M upfront + up to ~$1B including milestone payments; DMD/DM1 gene editing and exon-skipping platform
REGN,Regeneron Pharmaceuticals,CMPI,Checkmate Pharmaceuticals,full_acquisition,2022-03-02,,cash,,,oncology_immunology,vidutolimod (CMP-001),tlr9_agonist,phase2,melanoma_and_other_solid_tumors,FALSE,secondary_references_only,,primary_full_company_acquisition,FALSE,TRUE,secondary_references_only,awaiting_official_primary_source,Secondary references suggest Regeneron acquired Checkmate Pharmaceuticals; vidutolimod/CMP-001 is a TLR9 agonist in Phase 2 melanoma; official deal terms and press release require verification
REGN,Regeneron Pharmaceuticals,TSVT,2seventy bio (experimental pipeline assets),asset_acquisition,2024-01-01,,cash,,,oncology_cell_therapy,bb2121-related and experimental cell therapy programs,car_t,preclinical_clinical,multiple_myeloma_and_other_heme,FALSE,reuters_secondary,https://www.reuters.com/business/healthcare-pharmaceuticals/bristol-myers-acquires-cell-therapy-partner-2seventy-bio-about-286-million-2025-03-11/,secondary_asset_acquisition,FALSE,TRUE,partial_secondary,asset_scope_and_timing_unconfirmed,Reuters confirms 2seventy sold experimental cell therapies to Regeneron; BMS later acquired remaining company for ~$286M (Abecma focus); exact assets/programs/price/timing from Regeneron require verification
REGN,Regeneron Pharmaceuticals,LIBTAYO_SANOFI,Libtayo ex-US rights from Sanofi,rights_acquisition,2022-07-28,900.0,cash,900.0,,oncology,cemiplimab (Libtayo),antibody_pd1,marketed,multiple_oncology_indications,FALSE,research_gap_rights_not_acquisition,,tertiary_rights_or_collaboration,FALSE,FALSE,rights_deal_confirmed_type,rights_restructuring_not_target_acquisition,Rights/co-promotion deal restructuring not a target company acquisition; excluded from primary and secondary ranking analysis; included for completeness as deal-type classifier example
REGN,Regeneron Pharmaceuticals,ME_23ANDME,23andMe,failed_bid_or_lost_auction,2025-01-01,,unknown,,,genomics_dx,genetic data and genomics platform,genomics_dx,commercial,polygenic_risk_and_consumer_genomics,FALSE,research_gap,,failed_bid_or_lost_auction,FALSE,FALSE,unconfirmed,failed_bid_no_positive_label,Reports of Regeneron interest in 23andMe bankruptcy process 2025; Regeneron did not win or complete acquisition; include as failed-bid example only; no positive label in any backtest
