program_id,claim_type,claim_question,atom_id,evidence_span,proposed_direction,evidence_available,current_source_links,needed_primary_sources,source_type,primary_source_link,observed_vs_inferred,evidence_tier,direction,likelihood_ratio,limitations,extraction_review_status,review_status,reviewer,review_date
navitoclax_mpn,therapeutic_window,Was the efficacious dose achievable below the toxicity ceiling?,navitoclax_mpn:ther:0,PRE-DECISION CANDIDATE: Mechanism includes BCL-xL inhibition;,neutral,PRE-DECISION CANDIDATE: Mechanism includes BCL-xL inhibition; BCL-xL inhibition is linked to platelet lifespan reduction and clinically dose-limiting thrombocytopenia. Need primary protocol/review to confirm whether this specifically constrained intended efficacious exposure in MPN program.,https://en.wikipedia.org/wiki/Navitoclax,"FDA label (Adverse Reactions + Dosage/Administration); FDA medical/clinical review; ODAC briefing doc; EPAR; pivotal trial paper (DLTs, dose reductions); ClinicalTrials.gov results (SAEs, discontinuations)",,,,,,,,,,,
navitoclax_mpn,therapeutic_window,Was the efficacious dose achievable below the toxicity ceiling?,navitoclax_mpn:ther:1,BCL-xL inhibition is linked to platelet lifespan reduction and clinically dose-limiting thrombocytopenia.,refuting,PRE-DECISION CANDIDATE: Mechanism includes BCL-xL inhibition; BCL-xL inhibition is linked to platelet lifespan reduction and clinically dose-limiting thrombocytopenia. Need primary protocol/review to confirm whether this specifically constrained intended efficacious exposure in MPN program.,https://en.wikipedia.org/wiki/Navitoclax,"FDA label (Adverse Reactions + Dosage/Administration); FDA medical/clinical review; ODAC briefing doc; EPAR; pivotal trial paper (DLTs, dose reductions); ClinicalTrials.gov results (SAEs, discontinuations)",,,,,,,,,,,
navitoclax_mpn,therapeutic_window,Was the efficacious dose achievable below the toxicity ceiling?,navitoclax_mpn:ther:2,Need primary protocol/review to confirm whether this specifically constrained intended efficacious exposure in MPN program.,neutral,PRE-DECISION CANDIDATE: Mechanism includes BCL-xL inhibition; BCL-xL inhibition is linked to platelet lifespan reduction and clinically dose-limiting thrombocytopenia. Need primary protocol/review to confirm whether this specifically constrained intended efficacious exposure in MPN program.,https://en.wikipedia.org/wiki/Navitoclax,"FDA label (Adverse Reactions + Dosage/Administration); FDA medical/clinical review; ODAC briefing doc; EPAR; pivotal trial paper (DLTs, dose reductions); ClinicalTrials.gov results (SAEs, discontinuations)",,,,,,,,,,,
umbralisib_mzl_fl_cll,therapeutic_window,Was the efficacious dose achievable below the toxicity ceiling?,umbralisib_mzl_fl_cll:ther:0,"PRE-DECISION CANDIDATE: Public label/review summaries described serious safety liabilities including infections, neutropenia, diarrhea/noninfectious colitis, hepatotoxicity, and severe cutaneous reactions before market withdrawal decision.",refuting,"PRE-DECISION CANDIDATE: Public label/review summaries described serious safety liabilities including infections, neutropenia, diarrhea/noninfectious colitis, hepatotoxicity, and severe cutaneous reactions before market withdrawal decision. Need FDA label/ODAC packet extraction.",https://en.wikipedia.org/wiki/Umbralisib,"FDA label (Adverse Reactions + Dosage/Administration); FDA medical/clinical review; ODAC briefing doc; EPAR; pivotal trial paper (DLTs, dose reductions); ClinicalTrials.gov results (SAEs, discontinuations)",,,,,,,,,,,
umbralisib_mzl_fl_cll,therapeutic_window,Was the efficacious dose achievable below the toxicity ceiling?,umbralisib_mzl_fl_cll:ther:1,Need FDA label/ODAC packet extraction.,neutral,"PRE-DECISION CANDIDATE: Public label/review summaries described serious safety liabilities including infections, neutropenia, diarrhea/noninfectious colitis, hepatotoxicity, and severe cutaneous reactions before market withdrawal decision. Need FDA label/ODAC packet extraction.",https://en.wikipedia.org/wiki/Umbralisib,"FDA label (Adverse Reactions + Dosage/Administration); FDA medical/clinical review; ODAC briefing doc; EPAR; pivotal trial paper (DLTs, dose reductions); ClinicalTrials.gov results (SAEs, discontinuations)",,,,,,,,,,,
duvelisib_cll_sll_fl,therapeutic_window,Was the efficacious dose achievable below the toxicity ceiling?,duvelisib_cll_sll_fl:ther:0,"PRE-DECISION CANDIDATE: Known boxed-warning/serious toxicities include infections, diarrhea/colitis, pneumonitis, cutaneous reactions, and transaminase elevations;",refuting,"PRE-DECISION CANDIDATE: Known boxed-warning/serious toxicities include infections, diarrhea/colitis, pneumonitis, cutaneous reactions, and transaminase elevations; safety profile plausibly limited benefit-risk before later survival-warning update.",https://en.wikipedia.org/wiki/Duvelisib,"FDA label (Adverse Reactions + Dosage/Administration); FDA medical/clinical review; ODAC briefing doc; EPAR; pivotal trial paper (DLTs, dose reductions); ClinicalTrials.gov results (SAEs, discontinuations)",,,,,,,,,,,
duvelisib_cll_sll_fl,therapeutic_window,Was the efficacious dose achievable below the toxicity ceiling?,duvelisib_cll_sll_fl:ther:1,safety profile plausibly limited benefit-risk before later survival-warning update.,neutral,"PRE-DECISION CANDIDATE: Known boxed-warning/serious toxicities include infections, diarrhea/colitis, pneumonitis, cutaneous reactions, and transaminase elevations; safety profile plausibly limited benefit-risk before later survival-warning update.",https://en.wikipedia.org/wiki/Duvelisib,"FDA label (Adverse Reactions + Dosage/Administration); FDA medical/clinical review; ODAC briefing doc; EPAR; pivotal trial paper (DLTs, dose reductions); ClinicalTrials.gov results (SAEs, discontinuations)",,,,,,,,,,,
copanlisib_fl,therapeutic_window,Was the efficacious dose achievable below the toxicity ceiling?,copanlisib_fl:ther:0,"PRE-DECISION CANDIDATE: Public safety profile included infections, hyperglycemia, hypertension, pneumonitis, neutropenia, and rash.",refuting,"PRE-DECISION CANDIDATE: Public safety profile included infections, hyperglycemia, hypertension, pneumonitis, neutropenia, and rash. Need confirmatory-trial documents to separate safety-driven window issue from efficacy/confirmatory failure.",https://en.wikipedia.org/wiki/Copanlisib,"FDA label (Adverse Reactions + Dosage/Administration); FDA medical/clinical review; ODAC briefing doc; EPAR; pivotal trial paper (DLTs, dose reductions); ClinicalTrials.gov results (SAEs, discontinuations)",,,,,,,,,,,
copanlisib_fl,therapeutic_window,Was the efficacious dose achievable below the toxicity ceiling?,copanlisib_fl:ther:1,Need confirmatory-trial documents to separate safety-driven window issue from efficacy/confirmatory failure.,refuting,"PRE-DECISION CANDIDATE: Public safety profile included infections, hyperglycemia, hypertension, pneumonitis, neutropenia, and rash. Need confirmatory-trial documents to separate safety-driven window issue from efficacy/confirmatory failure.",https://en.wikipedia.org/wiki/Copanlisib,"FDA label (Adverse Reactions + Dosage/Administration); FDA medical/clinical review; ODAC briefing doc; EPAR; pivotal trial paper (DLTs, dose reductions); ClinicalTrials.gov results (SAEs, discontinuations)",,,,,,,,,,,
idelalisib_fl_sll,therapeutic_window,Was the efficacious dose achievable below the toxicity ceiling?,idelalisib_fl_sll:ther:0,"PRE-DECISION CANDIDATE: Label/review summaries included serious and fatal toxicities including hepatotoxicity, severe diarrhea/colitis, pneumonitis, intestinal perforation and REMS/risk management.",refuting,"PRE-DECISION CANDIDATE: Label/review summaries included serious and fatal toxicities including hepatotoxicity, severe diarrhea/colitis, pneumonitis, intestinal perforation and REMS/risk management. Need primary FDA source.",https://en.wikipedia.org/wiki/Idelalisib,"FDA label (Adverse Reactions + Dosage/Administration); FDA medical/clinical review; ODAC briefing doc; EPAR; pivotal trial paper (DLTs, dose reductions); ClinicalTrials.gov results (SAEs, discontinuations)",,,,,,,,,,,
idelalisib_fl_sll,therapeutic_window,Was the efficacious dose achievable below the toxicity ceiling?,idelalisib_fl_sll:ther:1,Need primary FDA source.,neutral,"PRE-DECISION CANDIDATE: Label/review summaries included serious and fatal toxicities including hepatotoxicity, severe diarrhea/colitis, pneumonitis, intestinal perforation and REMS/risk management. Need primary FDA source.",https://en.wikipedia.org/wiki/Idelalisib,"FDA label (Adverse Reactions + Dosage/Administration); FDA medical/clinical review; ODAC briefing doc; EPAR; pivotal trial paper (DLTs, dose reductions); ClinicalTrials.gov results (SAEs, discontinuations)",,,,,,,,,,,
taselisib_sandpiper,therapeutic_window,Was the efficacious dose achievable below the toxicity ceiling?,taselisib_sandpiper:ther:0,PRE-DECISION CANDIDATE: SANDPIPER program had expected PI3K inhibitor toxicities;,refuting,PRE-DECISION CANDIDATE: SANDPIPER program had expected PI3K inhibitor toxicities; public summaries cite poor survival edge/harsh side effects and Roche stopped further development after top-line Phase 3 results. Need primary SANDPIPER publication extraction.,https://en.wikipedia.org/wiki/Taselisib,"FDA label (Adverse Reactions + Dosage/Administration); FDA medical/clinical review; ODAC briefing doc; EPAR; pivotal trial paper (DLTs, dose reductions); ClinicalTrials.gov results (SAEs, discontinuations)",,,,,,,,,,,
taselisib_sandpiper,therapeutic_window,Was the efficacious dose achievable below the toxicity ceiling?,taselisib_sandpiper:ther:1,public summaries cite poor survival edge/harsh side effects and Roche stopped further development after top-line Phase 3 results.,neutral,PRE-DECISION CANDIDATE: SANDPIPER program had expected PI3K inhibitor toxicities; public summaries cite poor survival edge/harsh side effects and Roche stopped further development after top-line Phase 3 results. Need primary SANDPIPER publication extraction.,https://en.wikipedia.org/wiki/Taselisib,"FDA label (Adverse Reactions + Dosage/Administration); FDA medical/clinical review; ODAC briefing doc; EPAR; pivotal trial paper (DLTs, dose reductions); ClinicalTrials.gov results (SAEs, discontinuations)",,,,,,,,,,,
taselisib_sandpiper,therapeutic_window,Was the efficacious dose achievable below the toxicity ceiling?,taselisib_sandpiper:ther:2,Need primary SANDPIPER publication extraction.,neutral,PRE-DECISION CANDIDATE: SANDPIPER program had expected PI3K inhibitor toxicities; public summaries cite poor survival edge/harsh side effects and Roche stopped further development after top-line Phase 3 results. Need primary SANDPIPER publication extraction.,https://en.wikipedia.org/wiki/Taselisib,"FDA label (Adverse Reactions + Dosage/Administration); FDA medical/clinical review; ODAC briefing doc; EPAR; pivotal trial paper (DLTs, dose reductions); ClinicalTrials.gov results (SAEs, discontinuations)",,,,,,,,,,,
buparlisib_belle,therapeutic_window,Was the efficacious dose achievable below the toxicity ceiling?,buparlisib_belle:ther:0,PRE-DECISION CANDIDATE: Pan-PI3K profile associated with excessive side effects;,neutral,"PRE-DECISION CANDIDATE: Pan-PI3K profile associated with excessive side effects; BELLE-2/3 summaries report PFS signal but excessive toxicity, and BELLE-3 termination due to side effects. Need trial publication review.",https://en.wikipedia.org/wiki/Buparlisib,"FDA label (Adverse Reactions + Dosage/Administration); FDA medical/clinical review; ODAC briefing doc; EPAR; pivotal trial paper (DLTs, dose reductions); ClinicalTrials.gov results (SAEs, discontinuations)",,,,,,,,,,,
buparlisib_belle,therapeutic_window,Was the efficacious dose achievable below the toxicity ceiling?,buparlisib_belle:ther:1,"BELLE-2/3 summaries report PFS signal but excessive toxicity, and BELLE-3 termination due to side effects.",refuting,"PRE-DECISION CANDIDATE: Pan-PI3K profile associated with excessive side effects; BELLE-2/3 summaries report PFS signal but excessive toxicity, and BELLE-3 termination due to side effects. Need trial publication review.",https://en.wikipedia.org/wiki/Buparlisib,"FDA label (Adverse Reactions + Dosage/Administration); FDA medical/clinical review; ODAC briefing doc; EPAR; pivotal trial paper (DLTs, dose reductions); ClinicalTrials.gov results (SAEs, discontinuations)",,,,,,,,,,,
buparlisib_belle,therapeutic_window,Was the efficacious dose achievable below the toxicity ceiling?,buparlisib_belle:ther:2,Need trial publication review.,neutral,"PRE-DECISION CANDIDATE: Pan-PI3K profile associated with excessive side effects; BELLE-2/3 summaries report PFS signal but excessive toxicity, and BELLE-3 termination due to side effects. Need trial publication review.",https://en.wikipedia.org/wiki/Buparlisib,"FDA label (Adverse Reactions + Dosage/Administration); FDA medical/clinical review; ODAC briefing doc; EPAR; pivotal trial paper (DLTs, dose reductions); ClinicalTrials.gov results (SAEs, discontinuations)",,,,,,,,,,,
poziotinib_exon20_nsclc,therapeutic_window,Was the efficacious dose achievable below the toxicity ceiling?,poziotinib_exon20_nsclc:ther:0,"PRE-DECISION CANDIDATE: Prior public data showed antitumor activity, but ODAC judged risk-benefit unfavorable;",confirming,"PRE-DECISION CANDIDATE: Prior public data showed antitumor activity, but ODAC judged risk-benefit unfavorable; need FDA briefing to quantify rash/diarrhea/mucositis/dose reductions and whether dose intensity limited efficacy.",https://en.wikipedia.org/wiki/Spectrum_Pharmaceuticals; https://en.wikipedia.org/wiki/Poziotinib,"FDA label (Adverse Reactions + Dosage/Administration); FDA medical/clinical review; ODAC briefing doc; EPAR; pivotal trial paper (DLTs, dose reductions); ClinicalTrials.gov results (SAEs, discontinuations)",,,,,,,,,,,
poziotinib_exon20_nsclc,therapeutic_window,Was the efficacious dose achievable below the toxicity ceiling?,poziotinib_exon20_nsclc:ther:1,need FDA briefing to quantify rash/diarrhea/mucositis/dose reductions and whether dose intensity limited efficacy.,neutral,"PRE-DECISION CANDIDATE: Prior public data showed antitumor activity, but ODAC judged risk-benefit unfavorable; need FDA briefing to quantify rash/diarrhea/mucositis/dose reductions and whether dose intensity limited efficacy.",https://en.wikipedia.org/wiki/Spectrum_Pharmaceuticals; https://en.wikipedia.org/wiki/Poziotinib,"FDA label (Adverse Reactions + Dosage/Administration); FDA medical/clinical review; ODAC briefing doc; EPAR; pivotal trial paper (DLTs, dose reductions); ClinicalTrials.gov results (SAEs, discontinuations)",,,,,,,,,,,
mobocertinib_exclaim2,therapeutic_window,Was the efficacious dose achievable below the toxicity ceiling?,mobocertinib_exclaim2:ther:0,PRE-DECISION CANDIDATE: Label summaries included QTc prolongation warnings and prominent GI toxicity/diarrhea risk.,refuting,PRE-DECISION CANDIDATE: Label summaries included QTc prolongation warnings and prominent GI toxicity/diarrhea risk. Need EXCLAIM-2 protocol/publication to determine whether tolerated exposure was the core failure vs efficacy/differentiation.,https://en.wikipedia.org/wiki/Mobocertinib,"FDA label (Adverse Reactions + Dosage/Administration); FDA medical/clinical review; ODAC briefing doc; EPAR; pivotal trial paper (DLTs, dose reductions); ClinicalTrials.gov results (SAEs, discontinuations)",,,,,,,,,,,
mobocertinib_exclaim2,therapeutic_window,Was the efficacious dose achievable below the toxicity ceiling?,mobocertinib_exclaim2:ther:1,Need EXCLAIM-2 protocol/publication to determine whether tolerated exposure was the core failure vs efficacy/differentiation.,refuting,PRE-DECISION CANDIDATE: Label summaries included QTc prolongation warnings and prominent GI toxicity/diarrhea risk. Need EXCLAIM-2 protocol/publication to determine whether tolerated exposure was the core failure vs efficacy/differentiation.,https://en.wikipedia.org/wiki/Mobocertinib,"FDA label (Adverse Reactions + Dosage/Administration); FDA medical/clinical review; ODAC briefing doc; EPAR; pivotal trial paper (DLTs, dose reductions); ClinicalTrials.gov results (SAEs, discontinuations)",,,,,,,,,,,
rovalpituzumab_tesirine_rova_t,therapeutic_window,Was the efficacious dose achievable below the toxicity ceiling?,rovalpituzumab_tesirine_rova_t:ther:0,PRE-DECISION CANDIDATE: ADC/PBD payload class toxicity and earlier weak response signal;,refuting,PRE-DECISION CANDIDATE: ADC/PBD payload class toxicity and earlier weak response signal; public summaries cite Phase 2 ORR around 16% and later Phase 3 survival harm/no benefit. Need primary TAHOE/MERU safety tables.,https://en.wikipedia.org/wiki/Rovalpituzumab_tesirine,"FDA label (Adverse Reactions + Dosage/Administration); FDA medical/clinical review; ODAC briefing doc; EPAR; pivotal trial paper (DLTs, dose reductions); ClinicalTrials.gov results (SAEs, discontinuations)",,,,,,,,,,,
rovalpituzumab_tesirine_rova_t,therapeutic_window,Was the efficacious dose achievable below the toxicity ceiling?,rovalpituzumab_tesirine_rova_t:ther:1,public summaries cite Phase 2 ORR around 16% and later Phase 3 survival harm/no benefit.,refuting,PRE-DECISION CANDIDATE: ADC/PBD payload class toxicity and earlier weak response signal; public summaries cite Phase 2 ORR around 16% and later Phase 3 survival harm/no benefit. Need primary TAHOE/MERU safety tables.,https://en.wikipedia.org/wiki/Rovalpituzumab_tesirine,"FDA label (Adverse Reactions + Dosage/Administration); FDA medical/clinical review; ODAC briefing doc; EPAR; pivotal trial paper (DLTs, dose reductions); ClinicalTrials.gov results (SAEs, discontinuations)",,,,,,,,,,,
rovalpituzumab_tesirine_rova_t,therapeutic_window,Was the efficacious dose achievable below the toxicity ceiling?,rovalpituzumab_tesirine_rova_t:ther:2,Need primary TAHOE/MERU safety tables.,neutral,PRE-DECISION CANDIDATE: ADC/PBD payload class toxicity and earlier weak response signal; public summaries cite Phase 2 ORR around 16% and later Phase 3 survival harm/no benefit. Need primary TAHOE/MERU safety tables.,https://en.wikipedia.org/wiki/Rovalpituzumab_tesirine,"FDA label (Adverse Reactions + Dosage/Administration); FDA medical/clinical review; ODAC briefing doc; EPAR; pivotal trial paper (DLTs, dose reductions); ClinicalTrials.gov results (SAEs, discontinuations)",,,,,,,,,,,
demcizumab_yosemite_denali,therapeutic_window,Was the efficacious dose achievable below the toxicity ceiling?,demcizumab_yosemite_denali:ther:0,PRE-DECISION CANDIDATE: DLL4/Notch inhibition had known cardiovascular/pulmonary-hypertension monitoring concern;,neutral,PRE-DECISION CANDIDATE: DLL4/Notch inhibition had known cardiovascular/pulmonary-hypertension monitoring concern; Phase 1/2 summaries mention hypertension/fatigue and cardiac-related illness. Need OncoMed primary release and trial tables.,https://en.wikipedia.org/wiki/Demcizumab,"FDA label (Adverse Reactions + Dosage/Administration); FDA medical/clinical review; ODAC briefing doc; EPAR; pivotal trial paper (DLTs, dose reductions); ClinicalTrials.gov results (SAEs, discontinuations)",,,,,,,,,,,
demcizumab_yosemite_denali,therapeutic_window,Was the efficacious dose achievable below the toxicity ceiling?,demcizumab_yosemite_denali:ther:1,Phase 1/2 summaries mention hypertension/fatigue and cardiac-related illness.,neutral,PRE-DECISION CANDIDATE: DLL4/Notch inhibition had known cardiovascular/pulmonary-hypertension monitoring concern; Phase 1/2 summaries mention hypertension/fatigue and cardiac-related illness. Need OncoMed primary release and trial tables.,https://en.wikipedia.org/wiki/Demcizumab,"FDA label (Adverse Reactions + Dosage/Administration); FDA medical/clinical review; ODAC briefing doc; EPAR; pivotal trial paper (DLTs, dose reductions); ClinicalTrials.gov results (SAEs, discontinuations)",,,,,,,,,,,
demcizumab_yosemite_denali,therapeutic_window,Was the efficacious dose achievable below the toxicity ceiling?,demcizumab_yosemite_denali:ther:2,Need OncoMed primary release and trial tables.,neutral,PRE-DECISION CANDIDATE: DLL4/Notch inhibition had known cardiovascular/pulmonary-hypertension monitoring concern; Phase 1/2 summaries mention hypertension/fatigue and cardiac-related illness. Need OncoMed primary release and trial tables.,https://en.wikipedia.org/wiki/Demcizumab,"FDA label (Adverse Reactions + Dosage/Administration); FDA medical/clinical review; ODAC briefing doc; EPAR; pivotal trial paper (DLTs, dose reductions); ClinicalTrials.gov results (SAEs, discontinuations)",,,,,,,,,,,
figitumumab_nsclc,therapeutic_window,Was the efficacious dose achievable below the toxicity ceiling?,figitumumab_nsclc:ther:0,PRE-DECISION CANDIDATE: IGF-1R antibody had class and combination-toxicity concerns;,refuting,PRE-DECISION CANDIDATE: IGF-1R antibody had class and combination-toxicity concerns; need Pfizer/phase III source to confirm whether excess deaths were treatment-exposure related vs disease imbalance.,https://en.wikipedia.org/wiki/Figitumumab,"FDA label (Adverse Reactions + Dosage/Administration); FDA medical/clinical review; ODAC briefing doc; EPAR; pivotal trial paper (DLTs, dose reductions); ClinicalTrials.gov results (SAEs, discontinuations)",,,,,,,,,,,
figitumumab_nsclc,therapeutic_window,Was the efficacious dose achievable below the toxicity ceiling?,figitumumab_nsclc:ther:1,need Pfizer/phase III source to confirm whether excess deaths were treatment-exposure related vs disease imbalance.,neutral,PRE-DECISION CANDIDATE: IGF-1R antibody had class and combination-toxicity concerns; need Pfizer/phase III source to confirm whether excess deaths were treatment-exposure related vs disease imbalance.,https://en.wikipedia.org/wiki/Figitumumab,"FDA label (Adverse Reactions + Dosage/Administration); FDA medical/clinical review; ODAC briefing doc; EPAR; pivotal trial paper (DLTs, dose reductions); ClinicalTrials.gov results (SAEs, discontinuations)",,,,,,,,,,,
rilotumumab_rilotumumab_gastric,therapeutic_window,Was the efficacious dose achievable below the toxicity ceiling?,rilotumumab_rilotumumab_gastric:ther:0,PRE-DECISION CANDIDATE: Prior biomarker hypothesis and chemotherapy-combination exposure existed;,neutral,PRE-DECISION CANDIDATE: Prior biomarker hypothesis and chemotherapy-combination exposure existed; need RILOMET primary materials to determine whether increased deaths imply therapeutic-window failure.,https://en.wikipedia.org/wiki/Rilotumumab,"FDA label (Adverse Reactions + Dosage/Administration); FDA medical/clinical review; ODAC briefing doc; EPAR; pivotal trial paper (DLTs, dose reductions); ClinicalTrials.gov results (SAEs, discontinuations)",,,,,,,,,,,
rilotumumab_rilotumumab_gastric,therapeutic_window,Was the efficacious dose achievable below the toxicity ceiling?,rilotumumab_rilotumumab_gastric:ther:1,need RILOMET primary materials to determine whether increased deaths imply therapeutic-window failure.,refuting,PRE-DECISION CANDIDATE: Prior biomarker hypothesis and chemotherapy-combination exposure existed; need RILOMET primary materials to determine whether increased deaths imply therapeutic-window failure.,https://en.wikipedia.org/wiki/Rilotumumab,"FDA label (Adverse Reactions + Dosage/Administration); FDA medical/clinical review; ODAC briefing doc; EPAR; pivotal trial paper (DLTs, dose reductions); ClinicalTrials.gov results (SAEs, discontinuations)",,,,,,,,,,,
melflufen_myeloma_ocean,therapeutic_window,Was the efficacious dose achievable below the toxicity ceiling?,melflufen_myeloma_ocean:ther:0,PRE-DECISION CANDIDATE: Accelerated approval based on single-arm HORIZON response in heavily pretreated MM;,neutral,"PRE-DECISION CANDIDATE: Accelerated approval based on single-arm HORIZON response in heavily pretreated MM; known adverse reactions included fatigue, nausea, diarrhea, fever/infections; need FDA label/ODAC to quantify myelosuppression and subgroup safety before OCEAN.",https://en.wikipedia.org/wiki/Melphalan_flufenamide,"FDA label (Adverse Reactions + Dosage/Administration); FDA medical/clinical review; ODAC briefing doc; EPAR; pivotal trial paper (DLTs, dose reductions); ClinicalTrials.gov results (SAEs, discontinuations)",,,,,,,,,,,
melflufen_myeloma_ocean,therapeutic_window,Was the efficacious dose achievable below the toxicity ceiling?,melflufen_myeloma_ocean:ther:1,"known adverse reactions included fatigue, nausea, diarrhea, fever/infections;",neutral,"PRE-DECISION CANDIDATE: Accelerated approval based on single-arm HORIZON response in heavily pretreated MM; known adverse reactions included fatigue, nausea, diarrhea, fever/infections; need FDA label/ODAC to quantify myelosuppression and subgroup safety before OCEAN.",https://en.wikipedia.org/wiki/Melphalan_flufenamide,"FDA label (Adverse Reactions + Dosage/Administration); FDA medical/clinical review; ODAC briefing doc; EPAR; pivotal trial paper (DLTs, dose reductions); ClinicalTrials.gov results (SAEs, discontinuations)",,,,,,,,,,,
melflufen_myeloma_ocean,therapeutic_window,Was the efficacious dose achievable below the toxicity ceiling?,melflufen_myeloma_ocean:ther:2,need FDA label/ODAC to quantify myelosuppression and subgroup safety before OCEAN.,neutral,"PRE-DECISION CANDIDATE: Accelerated approval based on single-arm HORIZON response in heavily pretreated MM; known adverse reactions included fatigue, nausea, diarrhea, fever/infections; need FDA label/ODAC to quantify myelosuppression and subgroup safety before OCEAN.",https://en.wikipedia.org/wiki/Melphalan_flufenamide,"FDA label (Adverse Reactions + Dosage/Administration); FDA medical/clinical review; ODAC briefing doc; EPAR; pivotal trial paper (DLTs, dose reductions); ClinicalTrials.gov results (SAEs, discontinuations)",,,,,,,,,,,
alisertib_ptcl,therapeutic_window,Was the efficacious dose achievable below the toxicity ceiling?,alisertib_ptcl:ther:0,PRE-DECISION CANDIDATE: Aurora A inhibition and cytopenia/GI toxicity risks;,refuting,PRE-DECISION CANDIDATE: Aurora A inhibition and cytopenia/GI toxicity risks; prior studies showed activity but need Phase 3 source to verify toxicity-limited dose vs efficacy failure.,https://en.wikipedia.org/wiki/Alisertib,"FDA label (Adverse Reactions + Dosage/Administration); FDA medical/clinical review; ODAC briefing doc; EPAR; pivotal trial paper (DLTs, dose reductions); ClinicalTrials.gov results (SAEs, discontinuations)",,,,,,,,,,,
alisertib_ptcl,therapeutic_window,Was the efficacious dose achievable below the toxicity ceiling?,alisertib_ptcl:ther:1,prior studies showed activity but need Phase 3 source to verify toxicity-limited dose vs efficacy failure.,refuting,PRE-DECISION CANDIDATE: Aurora A inhibition and cytopenia/GI toxicity risks; prior studies showed activity but need Phase 3 source to verify toxicity-limited dose vs efficacy failure.,https://en.wikipedia.org/wiki/Alisertib,"FDA label (Adverse Reactions + Dosage/Administration); FDA medical/clinical review; ODAC briefing doc; EPAR; pivotal trial paper (DLTs, dose reductions); ClinicalTrials.gov results (SAEs, discontinuations)",,,,,,,,,,,
cediranib_glioblastoma,therapeutic_window,Was the efficacious dose achievable below the toxicity ceiling?,cediranib_glioblastoma:ther:0,PRE-DECISION CANDIDATE: VEGFR inhibitor with known hypertension/diarrhea/fatigue class toxicities;,refuting,PRE-DECISION CANDIDATE: VEGFR inhibitor with known hypertension/diarrhea/fatigue class toxicities; need trial publication to confirm whether therapeutic window was binding vs endpoint/efficacy.,https://en.wikipedia.org/wiki/Cediranib,"FDA label (Adverse Reactions + Dosage/Administration); FDA medical/clinical review; ODAC briefing doc; EPAR; pivotal trial paper (DLTs, dose reductions); ClinicalTrials.gov results (SAEs, discontinuations)",,,,,,,,,,,
cediranib_glioblastoma,therapeutic_window,Was the efficacious dose achievable below the toxicity ceiling?,cediranib_glioblastoma:ther:1,need trial publication to confirm whether therapeutic window was binding vs endpoint/efficacy.,neutral,PRE-DECISION CANDIDATE: VEGFR inhibitor with known hypertension/diarrhea/fatigue class toxicities; need trial publication to confirm whether therapeutic window was binding vs endpoint/efficacy.,https://en.wikipedia.org/wiki/Cediranib,"FDA label (Adverse Reactions + Dosage/Administration); FDA medical/clinical review; ODAC briefing doc; EPAR; pivotal trial paper (DLTs, dose reductions); ClinicalTrials.gov results (SAEs, discontinuations)",,,,,,,,,,,
sapanisertib_solid_tumors,therapeutic_window,Was the efficacious dose achievable below the toxicity ceiling?,sapanisertib_solid_tumors:ther:0,PRE-DECISION CANDIDATE: mTORC1/2 inhibition commonly has metabolic/stomatitis/rash toxicity;,refuting,PRE-DECISION CANDIDATE: mTORC1/2 inhibition commonly has metabolic/stomatitis/rash toxicity; need primary sources for dose reductions/discontinuations and whether exposure was constrained.,https://en.wikipedia.org/wiki/Phosphoinositide_3-kinase_inhibitor,"FDA label (Adverse Reactions + Dosage/Administration); FDA medical/clinical review; ODAC briefing doc; EPAR; pivotal trial paper (DLTs, dose reductions); ClinicalTrials.gov results (SAEs, discontinuations)",,,,,,,,,,,
sapanisertib_solid_tumors,therapeutic_window,Was the efficacious dose achievable below the toxicity ceiling?,sapanisertib_solid_tumors:ther:1,need primary sources for dose reductions/discontinuations and whether exposure was constrained.,refuting,PRE-DECISION CANDIDATE: mTORC1/2 inhibition commonly has metabolic/stomatitis/rash toxicity; need primary sources for dose reductions/discontinuations and whether exposure was constrained.,https://en.wikipedia.org/wiki/Phosphoinositide_3-kinase_inhibitor,"FDA label (Adverse Reactions + Dosage/Administration); FDA medical/clinical review; ODAC briefing doc; EPAR; pivotal trial paper (DLTs, dose reductions); ClinicalTrials.gov results (SAEs, discontinuations)",,,,,,,,,,,
parsaclisib_fl,therapeutic_window,Was the efficacious dose achievable below the toxicity ceiling?,parsaclisib_fl:ther:0,PRE-DECISION CANDIDATE: PI3K-delta class toxicity concern;,refuting,PRE-DECISION CANDIDATE: PI3K-delta class toxicity concern; seed cited colitis/safety issues but web review here did not find sufficient primary support. Needs manual verification.,REVIEW REQUIRED - primary source not found in this pass,"FDA label (Adverse Reactions + Dosage/Administration); FDA medical/clinical review; ODAC briefing doc; EPAR; pivotal trial paper (DLTs, dose reductions); ClinicalTrials.gov results (SAEs, discontinuations)",,,,,,,,,,,
parsaclisib_fl,therapeutic_window,Was the efficacious dose achievable below the toxicity ceiling?,parsaclisib_fl:ther:1,seed cited colitis/safety issues but web review here did not find sufficient primary support.,refuting,PRE-DECISION CANDIDATE: PI3K-delta class toxicity concern; seed cited colitis/safety issues but web review here did not find sufficient primary support. Needs manual verification.,REVIEW REQUIRED - primary source not found in this pass,"FDA label (Adverse Reactions + Dosage/Administration); FDA medical/clinical review; ODAC briefing doc; EPAR; pivotal trial paper (DLTs, dose reductions); ClinicalTrials.gov results (SAEs, discontinuations)",,,,,,,,,,,
parsaclisib_fl,therapeutic_window,Was the efficacious dose achievable below the toxicity ceiling?,parsaclisib_fl:ther:2,Needs manual verification.,neutral,PRE-DECISION CANDIDATE: PI3K-delta class toxicity concern; seed cited colitis/safety issues but web review here did not find sufficient primary support. Needs manual verification.,REVIEW REQUIRED - primary source not found in this pass,"FDA label (Adverse Reactions + Dosage/Administration); FDA medical/clinical review; ODAC briefing doc; EPAR; pivotal trial paper (DLTs, dose reductions); ClinicalTrials.gov results (SAEs, discontinuations)",,,,,,,,,,,
venetoclax_cll_17p,therapeutic_window,Was the efficacious dose achievable below the toxicity ceiling?,venetoclax_cll_17p:ther:0,PRE-DECISION CANDIDATE: Selective BCL-2 inhibition designed to avoid BCL-xL platelet liability seen with navitoclax;,neutral,PRE-DECISION CANDIDATE: Selective BCL-2 inhibition designed to avoid BCL-xL platelet liability seen with navitoclax; dose ramp-up/TLS management enabled active exposure. Single-arm trial showed high ORR in 17p-deleted CLL before approval.,https://en.wikipedia.org/wiki/Venetoclax,"FDA label (Adverse Reactions + Dosage/Administration); FDA medical/clinical review; ODAC briefing doc; EPAR; pivotal trial paper (DLTs, dose reductions); ClinicalTrials.gov results (SAEs, discontinuations)",,,,,,,,,,,
venetoclax_cll_17p,therapeutic_window,Was the efficacious dose achievable below the toxicity ceiling?,venetoclax_cll_17p:ther:1,dose ramp-up/TLS management enabled active exposure.,neutral,PRE-DECISION CANDIDATE: Selective BCL-2 inhibition designed to avoid BCL-xL platelet liability seen with navitoclax; dose ramp-up/TLS management enabled active exposure. Single-arm trial showed high ORR in 17p-deleted CLL before approval.,https://en.wikipedia.org/wiki/Venetoclax,"FDA label (Adverse Reactions + Dosage/Administration); FDA medical/clinical review; ODAC briefing doc; EPAR; pivotal trial paper (DLTs, dose reductions); ClinicalTrials.gov results (SAEs, discontinuations)",,,,,,,,,,,
venetoclax_cll_17p,therapeutic_window,Was the efficacious dose achievable below the toxicity ceiling?,venetoclax_cll_17p:ther:2,Single-arm trial showed high ORR in 17p-deleted CLL before approval.,neutral,PRE-DECISION CANDIDATE: Selective BCL-2 inhibition designed to avoid BCL-xL platelet liability seen with navitoclax; dose ramp-up/TLS management enabled active exposure. Single-arm trial showed high ORR in 17p-deleted CLL before approval.,https://en.wikipedia.org/wiki/Venetoclax,"FDA label (Adverse Reactions + Dosage/Administration); FDA medical/clinical review; ODAC briefing doc; EPAR; pivotal trial paper (DLTs, dose reductions); ClinicalTrials.gov results (SAEs, discontinuations)",,,,,,,,,,,
alpelisib_solar1,therapeutic_window,Was the efficacious dose achievable below the toxicity ceiling?,alpelisib_solar1:ther:0,PRE-DECISION CANDIDATE: Alpha-selective PI3K inhibitor with known hyperglycemia/rash/diarrhea;,neutral,PRE-DECISION CANDIDATE: Alpha-selective PI3K inhibitor with known hyperglycemia/rash/diarrhea; SOLAR-1 randomized evidence supported efficacy in PIK3CA-mutated tumors despite manageable toxicity. Need label discontinuation/dose-reduction extraction.,https://en.wikipedia.org/wiki/Alpelisib,"FDA label (Adverse Reactions + Dosage/Administration); FDA medical/clinical review; ODAC briefing doc; EPAR; pivotal trial paper (DLTs, dose reductions); ClinicalTrials.gov results (SAEs, discontinuations)",,,,,,,,,,,
alpelisib_solar1,therapeutic_window,Was the efficacious dose achievable below the toxicity ceiling?,alpelisib_solar1:ther:1,SOLAR-1 randomized evidence supported efficacy in PIK3CA-mutated tumors despite manageable toxicity.,refuting,PRE-DECISION CANDIDATE: Alpha-selective PI3K inhibitor with known hyperglycemia/rash/diarrhea; SOLAR-1 randomized evidence supported efficacy in PIK3CA-mutated tumors despite manageable toxicity. Need label discontinuation/dose-reduction extraction.,https://en.wikipedia.org/wiki/Alpelisib,"FDA label (Adverse Reactions + Dosage/Administration); FDA medical/clinical review; ODAC briefing doc; EPAR; pivotal trial paper (DLTs, dose reductions); ClinicalTrials.gov results (SAEs, discontinuations)",,,,,,,,,,,
alpelisib_solar1,therapeutic_window,Was the efficacious dose achievable below the toxicity ceiling?,alpelisib_solar1:ther:2,Need label discontinuation/dose-reduction extraction.,refuting,PRE-DECISION CANDIDATE: Alpha-selective PI3K inhibitor with known hyperglycemia/rash/diarrhea; SOLAR-1 randomized evidence supported efficacy in PIK3CA-mutated tumors despite manageable toxicity. Need label discontinuation/dose-reduction extraction.,https://en.wikipedia.org/wiki/Alpelisib,"FDA label (Adverse Reactions + Dosage/Administration); FDA medical/clinical review; ODAC briefing doc; EPAR; pivotal trial paper (DLTs, dose reductions); ClinicalTrials.gov results (SAEs, discontinuations)",,,,,,,,,,,
inavolisib_inavo120,therapeutic_window,Was the efficacious dose achievable below the toxicity ceiling?,inavolisib_inavo120:ther:0,PRE-DECISION CANDIDATE: INAVO120 Phase 3 data supported inavolisib + palbociclib + fulvestrant;,neutral,"PRE-DECISION CANDIDATE: INAVO120 Phase 3 data supported inavolisib + palbociclib + fulvestrant; adverse-event discontinuation summarized publicly as about 6%, suggesting active exposure was product-feasible. Need FDA label extraction.",https://en.wikipedia.org/wiki/Inavolisib,"FDA label (Adverse Reactions + Dosage/Administration); FDA medical/clinical review; ODAC briefing doc; EPAR; pivotal trial paper (DLTs, dose reductions); ClinicalTrials.gov results (SAEs, discontinuations)",,,,,,,,,,,
inavolisib_inavo120,therapeutic_window,Was the efficacious dose achievable below the toxicity ceiling?,inavolisib_inavo120:ther:1,"adverse-event discontinuation summarized publicly as about 6%, suggesting active exposure was product-feasible.",refuting,"PRE-DECISION CANDIDATE: INAVO120 Phase 3 data supported inavolisib + palbociclib + fulvestrant; adverse-event discontinuation summarized publicly as about 6%, suggesting active exposure was product-feasible. Need FDA label extraction.",https://en.wikipedia.org/wiki/Inavolisib,"FDA label (Adverse Reactions + Dosage/Administration); FDA medical/clinical review; ODAC briefing doc; EPAR; pivotal trial paper (DLTs, dose reductions); ClinicalTrials.gov results (SAEs, discontinuations)",,,,,,,,,,,
inavolisib_inavo120,therapeutic_window,Was the efficacious dose achievable below the toxicity ceiling?,inavolisib_inavo120:ther:2,Need FDA label extraction.,neutral,"PRE-DECISION CANDIDATE: INAVO120 Phase 3 data supported inavolisib + palbociclib + fulvestrant; adverse-event discontinuation summarized publicly as about 6%, suggesting active exposure was product-feasible. Need FDA label extraction.",https://en.wikipedia.org/wiki/Inavolisib,"FDA label (Adverse Reactions + Dosage/Administration); FDA medical/clinical review; ODAC briefing doc; EPAR; pivotal trial paper (DLTs, dose reductions); ClinicalTrials.gov results (SAEs, discontinuations)",,,,,,,,,,,
capivasertib_capitello291,therapeutic_window,Was the efficacious dose achievable below the toxicity ceiling?,capivasertib_capitello291:ther:0,PRE-DECISION CANDIDATE: CAPItello-291/NEJM and public label summaries show diarrhea/rash/hyperglycemia but approval indicates manageable product-level therapeutic window with intermittent dosing.,neutral,PRE-DECISION CANDIDATE: CAPItello-291/NEJM and public label summaries show diarrhea/rash/hyperglycemia but approval indicates manageable product-level therapeutic window with intermittent dosing. Need discontinuation/dose intensity extraction.,https://en.wikipedia.org/wiki/Capivasertib,"FDA label (Adverse Reactions + Dosage/Administration); FDA medical/clinical review; ODAC briefing doc; EPAR; pivotal trial paper (DLTs, dose reductions); ClinicalTrials.gov results (SAEs, discontinuations)",,,,,,,,,,,
capivasertib_capitello291,therapeutic_window,Was the efficacious dose achievable below the toxicity ceiling?,capivasertib_capitello291:ther:1,Need discontinuation/dose intensity extraction.,refuting,PRE-DECISION CANDIDATE: CAPItello-291/NEJM and public label summaries show diarrhea/rash/hyperglycemia but approval indicates manageable product-level therapeutic window with intermittent dosing. Need discontinuation/dose intensity extraction.,https://en.wikipedia.org/wiki/Capivasertib,"FDA label (Adverse Reactions + Dosage/Administration); FDA medical/clinical review; ODAC briefing doc; EPAR; pivotal trial paper (DLTs, dose reductions); ClinicalTrials.gov results (SAEs, discontinuations)",,,,,,,,,,,
osimertinib_t790m_nsclc,therapeutic_window,Was the efficacious dose achievable below the toxicity ceiling?,osimertinib_t790m_nsclc:ther:0,PRE-DECISION CANDIDATE: Third-generation EGFR inhibitor designed to target T790M while sparing wild-type EGFR more than earlier TKIs;,neutral,PRE-DECISION CANDIDATE: Third-generation EGFR inhibitor designed to target T790M while sparing wild-type EGFR more than earlier TKIs; early clinical response and tolerability supported active exposure. Need approval review extraction.,https://en.wikipedia.org/wiki/Osimertinib; https://en.wikipedia.org/wiki/T790M,"FDA label (Adverse Reactions + Dosage/Administration); FDA medical/clinical review; ODAC briefing doc; EPAR; pivotal trial paper (DLTs, dose reductions); ClinicalTrials.gov results (SAEs, discontinuations)",,,,,,,,,,,
osimertinib_t790m_nsclc,therapeutic_window,Was the efficacious dose achievable below the toxicity ceiling?,osimertinib_t790m_nsclc:ther:1,early clinical response and tolerability supported active exposure.,neutral,PRE-DECISION CANDIDATE: Third-generation EGFR inhibitor designed to target T790M while sparing wild-type EGFR more than earlier TKIs; early clinical response and tolerability supported active exposure. Need approval review extraction.,https://en.wikipedia.org/wiki/Osimertinib; https://en.wikipedia.org/wiki/T790M,"FDA label (Adverse Reactions + Dosage/Administration); FDA medical/clinical review; ODAC briefing doc; EPAR; pivotal trial paper (DLTs, dose reductions); ClinicalTrials.gov results (SAEs, discontinuations)",,,,,,,,,,,
osimertinib_t790m_nsclc,therapeutic_window,Was the efficacious dose achievable below the toxicity ceiling?,osimertinib_t790m_nsclc:ther:2,Need approval review extraction.,neutral,PRE-DECISION CANDIDATE: Third-generation EGFR inhibitor designed to target T790M while sparing wild-type EGFR more than earlier TKIs; early clinical response and tolerability supported active exposure. Need approval review extraction.,https://en.wikipedia.org/wiki/Osimertinib; https://en.wikipedia.org/wiki/T790M,"FDA label (Adverse Reactions + Dosage/Administration); FDA medical/clinical review; ODAC briefing doc; EPAR; pivotal trial paper (DLTs, dose reductions); ClinicalTrials.gov results (SAEs, discontinuations)",,,,,,,,,,,
amivantamab_chrysalis,therapeutic_window,Was the efficacious dose achievable below the toxicity ceiling?,amivantamab_chrysalis:ther:0,PRE-DECISION CANDIDATE: CHRYSALIS showed ORR around 40% with median DOR 11.1 months;,neutral,PRE-DECISION CANDIDATE: CHRYSALIS showed ORR around 40% with median DOR 11.1 months; infusion/rash/paronychia risks but exposure judged feasible for approval. Need label discontinuation extraction.,https://en.wikipedia.org/wiki/Amivantamab,"FDA label (Adverse Reactions + Dosage/Administration); FDA medical/clinical review; ODAC briefing doc; EPAR; pivotal trial paper (DLTs, dose reductions); ClinicalTrials.gov results (SAEs, discontinuations)",,,,,,,,,,,
amivantamab_chrysalis,therapeutic_window,Was the efficacious dose achievable below the toxicity ceiling?,amivantamab_chrysalis:ther:1,infusion/rash/paronychia risks but exposure judged feasible for approval.,neutral,PRE-DECISION CANDIDATE: CHRYSALIS showed ORR around 40% with median DOR 11.1 months; infusion/rash/paronychia risks but exposure judged feasible for approval. Need label discontinuation extraction.,https://en.wikipedia.org/wiki/Amivantamab,"FDA label (Adverse Reactions + Dosage/Administration); FDA medical/clinical review; ODAC briefing doc; EPAR; pivotal trial paper (DLTs, dose reductions); ClinicalTrials.gov results (SAEs, discontinuations)",,,,,,,,,,,
amivantamab_chrysalis,therapeutic_window,Was the efficacious dose achievable below the toxicity ceiling?,amivantamab_chrysalis:ther:2,Need label discontinuation extraction.,refuting,PRE-DECISION CANDIDATE: CHRYSALIS showed ORR around 40% with median DOR 11.1 months; infusion/rash/paronychia risks but exposure judged feasible for approval. Need label discontinuation extraction.,https://en.wikipedia.org/wiki/Amivantamab,"FDA label (Adverse Reactions + Dosage/Administration); FDA medical/clinical review; ODAC briefing doc; EPAR; pivotal trial paper (DLTs, dose reductions); ClinicalTrials.gov results (SAEs, discontinuations)",,,,,,,,,,,
sotorasib_codebreak100,therapeutic_window,Was the efficacious dose achievable below the toxicity ceiling?,sotorasib_codebreak100:ther:0,PRE-DECISION CANDIDATE: Covalent KRAS G12C inhibitor with GI/hepatic toxicities but clinical activity at selected dose;,refuting,PRE-DECISION CANDIDATE: Covalent KRAS G12C inhibitor with GI/hepatic toxicities but clinical activity at selected dose; product-level exposure feasible enough for accelerated approval. Need label/dose modification extraction.,https://en.wikipedia.org/wiki/Sotorasib,"FDA label (Adverse Reactions + Dosage/Administration); FDA medical/clinical review; ODAC briefing doc; EPAR; pivotal trial paper (DLTs, dose reductions); ClinicalTrials.gov results (SAEs, discontinuations)",,,,,,,,,,,
sotorasib_codebreak100,therapeutic_window,Was the efficacious dose achievable below the toxicity ceiling?,sotorasib_codebreak100:ther:1,product-level exposure feasible enough for accelerated approval.,neutral,PRE-DECISION CANDIDATE: Covalent KRAS G12C inhibitor with GI/hepatic toxicities but clinical activity at selected dose; product-level exposure feasible enough for accelerated approval. Need label/dose modification extraction.,https://en.wikipedia.org/wiki/Sotorasib,"FDA label (Adverse Reactions + Dosage/Administration); FDA medical/clinical review; ODAC briefing doc; EPAR; pivotal trial paper (DLTs, dose reductions); ClinicalTrials.gov results (SAEs, discontinuations)",,,,,,,,,,,
sotorasib_codebreak100,therapeutic_window,Was the efficacious dose achievable below the toxicity ceiling?,sotorasib_codebreak100:ther:2,Need label/dose modification extraction.,neutral,PRE-DECISION CANDIDATE: Covalent KRAS G12C inhibitor with GI/hepatic toxicities but clinical activity at selected dose; product-level exposure feasible enough for accelerated approval. Need label/dose modification extraction.,https://en.wikipedia.org/wiki/Sotorasib,"FDA label (Adverse Reactions + Dosage/Administration); FDA medical/clinical review; ODAC briefing doc; EPAR; pivotal trial paper (DLTs, dose reductions); ClinicalTrials.gov results (SAEs, discontinuations)",,,,,,,,,,,
adagrasib_kras_g12c_nsclc,therapeutic_window,Was the efficacious dose achievable below the toxicity ceiling?,adagrasib_kras_g12c_nsclc:ther:0,PRE-DECISION CANDIDATE: KRYSTAL-1 showed efficacy with manageable GI/hepatic/QTc safety monitoring;,neutral,PRE-DECISION CANDIDATE: KRYSTAL-1 showed efficacy with manageable GI/hepatic/QTc safety monitoring; active exposure feasible for accelerated approval. Need label dose-reduction/discontinuation extraction.,https://en.wikipedia.org/wiki/Adagrasib,"FDA label (Adverse Reactions + Dosage/Administration); FDA medical/clinical review; ODAC briefing doc; EPAR; pivotal trial paper (DLTs, dose reductions); ClinicalTrials.gov results (SAEs, discontinuations)",,,,,,,,,,,
adagrasib_kras_g12c_nsclc,therapeutic_window,Was the efficacious dose achievable below the toxicity ceiling?,adagrasib_kras_g12c_nsclc:ther:1,active exposure feasible for accelerated approval.,neutral,PRE-DECISION CANDIDATE: KRYSTAL-1 showed efficacy with manageable GI/hepatic/QTc safety monitoring; active exposure feasible for accelerated approval. Need label dose-reduction/discontinuation extraction.,https://en.wikipedia.org/wiki/Adagrasib,"FDA label (Adverse Reactions + Dosage/Administration); FDA medical/clinical review; ODAC briefing doc; EPAR; pivotal trial paper (DLTs, dose reductions); ClinicalTrials.gov results (SAEs, discontinuations)",,,,,,,,,,,
adagrasib_kras_g12c_nsclc,therapeutic_window,Was the efficacious dose achievable below the toxicity ceiling?,adagrasib_kras_g12c_nsclc:ther:2,Need label dose-reduction/discontinuation extraction.,refuting,PRE-DECISION CANDIDATE: KRYSTAL-1 showed efficacy with manageable GI/hepatic/QTc safety monitoring; active exposure feasible for accelerated approval. Need label dose-reduction/discontinuation extraction.,https://en.wikipedia.org/wiki/Adagrasib,"FDA label (Adverse Reactions + Dosage/Administration); FDA medical/clinical review; ODAC briefing doc; EPAR; pivotal trial paper (DLTs, dose reductions); ClinicalTrials.gov results (SAEs, discontinuations)",,,,,,,,,,,
trastuzumab_deruxtecan_her2_breast,therapeutic_window,Was the efficacious dose achievable below the toxicity ceiling?,trastuzumab_deruxtecan_her2_breast:ther:0,PRE-DECISION CANDIDATE: ADC showed strong clinical activity;,neutral,PRE-DECISION CANDIDATE: ADC showed strong clinical activity; ILD/pneumonitis boxed warning is serious but dose/monitoring strategy allowed approvals/expansions. Need pivotal trial safety table extraction.,https://en.wikipedia.org/wiki/Trastuzumab_deruxtecan,"FDA label (Adverse Reactions + Dosage/Administration); FDA medical/clinical review; ODAC briefing doc; EPAR; pivotal trial paper (DLTs, dose reductions); ClinicalTrials.gov results (SAEs, discontinuations)",,,,,,,,,,,
trastuzumab_deruxtecan_her2_breast,therapeutic_window,Was the efficacious dose achievable below the toxicity ceiling?,trastuzumab_deruxtecan_her2_breast:ther:1,ILD/pneumonitis boxed warning is serious but dose/monitoring strategy allowed approvals/expansions.,refuting,PRE-DECISION CANDIDATE: ADC showed strong clinical activity; ILD/pneumonitis boxed warning is serious but dose/monitoring strategy allowed approvals/expansions. Need pivotal trial safety table extraction.,https://en.wikipedia.org/wiki/Trastuzumab_deruxtecan,"FDA label (Adverse Reactions + Dosage/Administration); FDA medical/clinical review; ODAC briefing doc; EPAR; pivotal trial paper (DLTs, dose reductions); ClinicalTrials.gov results (SAEs, discontinuations)",,,,,,,,,,,
trastuzumab_deruxtecan_her2_breast,therapeutic_window,Was the efficacious dose achievable below the toxicity ceiling?,trastuzumab_deruxtecan_her2_breast:ther:2,Need pivotal trial safety table extraction.,neutral,PRE-DECISION CANDIDATE: ADC showed strong clinical activity; ILD/pneumonitis boxed warning is serious but dose/monitoring strategy allowed approvals/expansions. Need pivotal trial safety table extraction.,https://en.wikipedia.org/wiki/Trastuzumab_deruxtecan,"FDA label (Adverse Reactions + Dosage/Administration); FDA medical/clinical review; ODAC briefing doc; EPAR; pivotal trial paper (DLTs, dose reductions); ClinicalTrials.gov results (SAEs, discontinuations)",,,,,,,,,,,
enfortumab_vedotin_ev201,therapeutic_window,Was the efficacious dose achievable below the toxicity ceiling?,enfortumab_vedotin_ev201:ther:0,PRE-DECISION CANDIDATE: EV-201 ORR about 44% with neuropathy/rash/hyperglycemia risks;,neutral,PRE-DECISION CANDIDATE: EV-201 ORR about 44% with neuropathy/rash/hyperglycemia risks; active exposure judged feasible for accelerated approval. Need FDA label/review extraction.,https://en.wikipedia.org/wiki/Enfortumab_vedotin,"FDA label (Adverse Reactions + Dosage/Administration); FDA medical/clinical review; ODAC briefing doc; EPAR; pivotal trial paper (DLTs, dose reductions); ClinicalTrials.gov results (SAEs, discontinuations)",,,,,,,,,,,
enfortumab_vedotin_ev201,therapeutic_window,Was the efficacious dose achievable below the toxicity ceiling?,enfortumab_vedotin_ev201:ther:1,active exposure judged feasible for accelerated approval.,neutral,PRE-DECISION CANDIDATE: EV-201 ORR about 44% with neuropathy/rash/hyperglycemia risks; active exposure judged feasible for accelerated approval. Need FDA label/review extraction.,https://en.wikipedia.org/wiki/Enfortumab_vedotin,"FDA label (Adverse Reactions + Dosage/Administration); FDA medical/clinical review; ODAC briefing doc; EPAR; pivotal trial paper (DLTs, dose reductions); ClinicalTrials.gov results (SAEs, discontinuations)",,,,,,,,,,,
enfortumab_vedotin_ev201,therapeutic_window,Was the efficacious dose achievable below the toxicity ceiling?,enfortumab_vedotin_ev201:ther:2,Need FDA label/review extraction.,neutral,PRE-DECISION CANDIDATE: EV-201 ORR about 44% with neuropathy/rash/hyperglycemia risks; active exposure judged feasible for accelerated approval. Need FDA label/review extraction.,https://en.wikipedia.org/wiki/Enfortumab_vedotin,"FDA label (Adverse Reactions + Dosage/Administration); FDA medical/clinical review; ODAC briefing doc; EPAR; pivotal trial paper (DLTs, dose reductions); ClinicalTrials.gov results (SAEs, discontinuations)",,,,,,,,,,,
polatuzumab_vedotin_dlbcl,therapeutic_window,Was the efficacious dose achievable below the toxicity ceiling?,polatuzumab_vedotin_dlbcl:ther:0,PRE-DECISION CANDIDATE: ADC plus bendamustine/rituximab showed clinical benefit with manageable cytopenia/neuropathy/infection risk;,neutral,PRE-DECISION CANDIDATE: ADC plus bendamustine/rituximab showed clinical benefit with manageable cytopenia/neuropathy/infection risk; exposure accepted for accelerated approval.,https://en.wikipedia.org/wiki/Polatuzumab_vedotin,"FDA label (Adverse Reactions + Dosage/Administration); FDA medical/clinical review; ODAC briefing doc; EPAR; pivotal trial paper (DLTs, dose reductions); ClinicalTrials.gov results (SAEs, discontinuations)",,,,,,,,,,,
polatuzumab_vedotin_dlbcl,therapeutic_window,Was the efficacious dose achievable below the toxicity ceiling?,polatuzumab_vedotin_dlbcl:ther:1,exposure accepted for accelerated approval.,neutral,PRE-DECISION CANDIDATE: ADC plus bendamustine/rituximab showed clinical benefit with manageable cytopenia/neuropathy/infection risk; exposure accepted for accelerated approval.,https://en.wikipedia.org/wiki/Polatuzumab_vedotin,"FDA label (Adverse Reactions + Dosage/Administration); FDA medical/clinical review; ODAC briefing doc; EPAR; pivotal trial paper (DLTs, dose reductions); ClinicalTrials.gov results (SAEs, discontinuations)",,,,,,,,,,,
zanubrutinib_mcl_wm_cll,therapeutic_window,Was the efficacious dose achievable below the toxicity ceiling?,zanubrutinib_mcl_wm_cll:ther:0,PRE-DECISION CANDIDATE: BTK inhibitor designed/selectivity profile with manageable hematologic/infection/bleeding risks across trials;,neutral,PRE-DECISION CANDIDATE: BTK inhibitor designed/selectivity profile with manageable hematologic/infection/bleeding risks across trials; active dose feasible for multiple approvals. Need indication-specific label extraction.,https://en.wikipedia.org/wiki/Zanubrutinib,"FDA label (Adverse Reactions + Dosage/Administration); FDA medical/clinical review; ODAC briefing doc; EPAR; pivotal trial paper (DLTs, dose reductions); ClinicalTrials.gov results (SAEs, discontinuations)",,,,,,,,,,,
zanubrutinib_mcl_wm_cll,therapeutic_window,Was the efficacious dose achievable below the toxicity ceiling?,zanubrutinib_mcl_wm_cll:ther:1,active dose feasible for multiple approvals.,neutral,PRE-DECISION CANDIDATE: BTK inhibitor designed/selectivity profile with manageable hematologic/infection/bleeding risks across trials; active dose feasible for multiple approvals. Need indication-specific label extraction.,https://en.wikipedia.org/wiki/Zanubrutinib,"FDA label (Adverse Reactions + Dosage/Administration); FDA medical/clinical review; ODAC briefing doc; EPAR; pivotal trial paper (DLTs, dose reductions); ClinicalTrials.gov results (SAEs, discontinuations)",,,,,,,,,,,
zanubrutinib_mcl_wm_cll,therapeutic_window,Was the efficacious dose achievable below the toxicity ceiling?,zanubrutinib_mcl_wm_cll:ther:2,Need indication-specific label extraction.,neutral,PRE-DECISION CANDIDATE: BTK inhibitor designed/selectivity profile with manageable hematologic/infection/bleeding risks across trials; active dose feasible for multiple approvals. Need indication-specific label extraction.,https://en.wikipedia.org/wiki/Zanubrutinib,"FDA label (Adverse Reactions + Dosage/Administration); FDA medical/clinical review; ODAC briefing doc; EPAR; pivotal trial paper (DLTs, dose reductions); ClinicalTrials.gov results (SAEs, discontinuations)",,,,,,,,,,,
acalabrutinib_mcl_cll,therapeutic_window,Was the efficacious dose achievable below the toxicity ceiling?,acalabrutinib_mcl_cll:ther:0,PRE-DECISION CANDIDATE: More selective BTK inhibitor with headache/diarrhea and bleeding/infection risks but generally manageable at active dose;,neutral,PRE-DECISION CANDIDATE: More selective BTK inhibitor with headache/diarrhea and bleeding/infection risks but generally manageable at active dose; approvals support held therapeutic window.,https://en.wikipedia.org/wiki/Acalabrutinib,"FDA label (Adverse Reactions + Dosage/Administration); FDA medical/clinical review; ODAC briefing doc; EPAR; pivotal trial paper (DLTs, dose reductions); ClinicalTrials.gov results (SAEs, discontinuations)",,,,,,,,,,,
acalabrutinib_mcl_cll,therapeutic_window,Was the efficacious dose achievable below the toxicity ceiling?,acalabrutinib_mcl_cll:ther:1,approvals support held therapeutic window.,neutral,PRE-DECISION CANDIDATE: More selective BTK inhibitor with headache/diarrhea and bleeding/infection risks but generally manageable at active dose; approvals support held therapeutic window.,https://en.wikipedia.org/wiki/Acalabrutinib,"FDA label (Adverse Reactions + Dosage/Administration); FDA medical/clinical review; ODAC briefing doc; EPAR; pivotal trial paper (DLTs, dose reductions); ClinicalTrials.gov results (SAEs, discontinuations)",,,,,,,,,,,
pirtobrutinib_mcl,therapeutic_window,Was the efficacious dose achievable below the toxicity ceiling?,pirtobrutinib_mcl:ther:0,"PRE-DECISION CANDIDATE: Non-covalent BTK inhibitor with fatigue, musculoskeletal pain, diarrhea, edema, dyspnea, pneumonia, and bruising;",neutral,"PRE-DECISION CANDIDATE: Non-covalent BTK inhibitor with fatigue, musculoskeletal pain, diarrhea, edema, dyspnea, pneumonia, and bruising; active dose feasible for accelerated approval. Need BRUIN tables.",https://en.wikipedia.org/wiki/Pirtobrutinib,"FDA label (Adverse Reactions + Dosage/Administration); FDA medical/clinical review; ODAC briefing doc; EPAR; pivotal trial paper (DLTs, dose reductions); ClinicalTrials.gov results (SAEs, discontinuations)",,,,,,,,,,,
pirtobrutinib_mcl,therapeutic_window,Was the efficacious dose achievable below the toxicity ceiling?,pirtobrutinib_mcl:ther:1,active dose feasible for accelerated approval.,neutral,"PRE-DECISION CANDIDATE: Non-covalent BTK inhibitor with fatigue, musculoskeletal pain, diarrhea, edema, dyspnea, pneumonia, and bruising; active dose feasible for accelerated approval. Need BRUIN tables.",https://en.wikipedia.org/wiki/Pirtobrutinib,"FDA label (Adverse Reactions + Dosage/Administration); FDA medical/clinical review; ODAC briefing doc; EPAR; pivotal trial paper (DLTs, dose reductions); ClinicalTrials.gov results (SAEs, discontinuations)",,,,,,,,,,,
pirtobrutinib_mcl,therapeutic_window,Was the efficacious dose achievable below the toxicity ceiling?,pirtobrutinib_mcl:ther:2,Need BRUIN tables.,neutral,"PRE-DECISION CANDIDATE: Non-covalent BTK inhibitor with fatigue, musculoskeletal pain, diarrhea, edema, dyspnea, pneumonia, and bruising; active dose feasible for accelerated approval. Need BRUIN tables.",https://en.wikipedia.org/wiki/Pirtobrutinib,"FDA label (Adverse Reactions + Dosage/Administration); FDA medical/clinical review; ODAC briefing doc; EPAR; pivotal trial paper (DLTs, dose reductions); ClinicalTrials.gov results (SAEs, discontinuations)",,,,,,,,,,,
zolbetuximab_spotlight_glow,therapeutic_window,Was the efficacious dose achievable below the toxicity ceiling?,zolbetuximab_spotlight_glow:ther:0,PRE-DECISION CANDIDATE: SPOTLIGHT/GLOW trials improved PFS/OS with chemotherapy;,neutral,PRE-DECISION CANDIDATE: SPOTLIGHT/GLOW trials improved PFS/OS with chemotherapy; nausea/vomiting and infusion-related reactions common but product-level exposure feasible. Need label/pivotal safety extraction.,https://en.wikipedia.org/wiki/Zolbetuximab,"FDA label (Adverse Reactions + Dosage/Administration); FDA medical/clinical review; ODAC briefing doc; EPAR; pivotal trial paper (DLTs, dose reductions); ClinicalTrials.gov results (SAEs, discontinuations)",,,,,,,,,,,
zolbetuximab_spotlight_glow,therapeutic_window,Was the efficacious dose achievable below the toxicity ceiling?,zolbetuximab_spotlight_glow:ther:1,nausea/vomiting and infusion-related reactions common but product-level exposure feasible.,neutral,PRE-DECISION CANDIDATE: SPOTLIGHT/GLOW trials improved PFS/OS with chemotherapy; nausea/vomiting and infusion-related reactions common but product-level exposure feasible. Need label/pivotal safety extraction.,https://en.wikipedia.org/wiki/Zolbetuximab,"FDA label (Adverse Reactions + Dosage/Administration); FDA medical/clinical review; ODAC briefing doc; EPAR; pivotal trial paper (DLTs, dose reductions); ClinicalTrials.gov results (SAEs, discontinuations)",,,,,,,,,,,
zolbetuximab_spotlight_glow,therapeutic_window,Was the efficacious dose achievable below the toxicity ceiling?,zolbetuximab_spotlight_glow:ther:2,Need label/pivotal safety extraction.,neutral,PRE-DECISION CANDIDATE: SPOTLIGHT/GLOW trials improved PFS/OS with chemotherapy; nausea/vomiting and infusion-related reactions common but product-level exposure feasible. Need label/pivotal safety extraction.,https://en.wikipedia.org/wiki/Zolbetuximab,"FDA label (Adverse Reactions + Dosage/Administration); FDA medical/clinical review; ODAC briefing doc; EPAR; pivotal trial paper (DLTs, dose reductions); ClinicalTrials.gov results (SAEs, discontinuations)",,,,,,,,,,,
ensartinib_exalt3,therapeutic_window,Was the efficacious dose achievable below the toxicity ceiling?,ensartinib_exalt3:ther:0,PRE-DECISION CANDIDATE: eXALT3 randomized trial vs crizotinib;,neutral,PRE-DECISION CANDIDATE: eXALT3 randomized trial vs crizotinib; known ALK TKI safety but active dose feasible for approval. Need label safety/dose modification extraction.,https://en.wikipedia.org/wiki/Ensartinib,"FDA label (Adverse Reactions + Dosage/Administration); FDA medical/clinical review; ODAC briefing doc; EPAR; pivotal trial paper (DLTs, dose reductions); ClinicalTrials.gov results (SAEs, discontinuations)",,,,,,,,,,,
ensartinib_exalt3,therapeutic_window,Was the efficacious dose achievable below the toxicity ceiling?,ensartinib_exalt3:ther:1,known ALK TKI safety but active dose feasible for approval.,neutral,PRE-DECISION CANDIDATE: eXALT3 randomized trial vs crizotinib; known ALK TKI safety but active dose feasible for approval. Need label safety/dose modification extraction.,https://en.wikipedia.org/wiki/Ensartinib,"FDA label (Adverse Reactions + Dosage/Administration); FDA medical/clinical review; ODAC briefing doc; EPAR; pivotal trial paper (DLTs, dose reductions); ClinicalTrials.gov results (SAEs, discontinuations)",,,,,,,,,,,
ensartinib_exalt3,therapeutic_window,Was the efficacious dose achievable below the toxicity ceiling?,ensartinib_exalt3:ther:2,Need label safety/dose modification extraction.,neutral,PRE-DECISION CANDIDATE: eXALT3 randomized trial vs crizotinib; known ALK TKI safety but active dose feasible for approval. Need label safety/dose modification extraction.,https://en.wikipedia.org/wiki/Ensartinib,"FDA label (Adverse Reactions + Dosage/Administration); FDA medical/clinical review; ODAC briefing doc; EPAR; pivotal trial paper (DLTs, dose reductions); ClinicalTrials.gov results (SAEs, discontinuations)",,,,,,,,,,,
lorlatinib_alk_nsclc,therapeutic_window,Was the efficacious dose achievable below the toxicity ceiling?,lorlatinib_alk_nsclc:ther:0,PRE-DECISION CANDIDATE: CNS-penetrant ALK inhibitor with neurocognitive/lipid adverse effects but active dose feasible with monitoring;,neutral,PRE-DECISION CANDIDATE: CNS-penetrant ALK inhibitor with neurocognitive/lipid adverse effects but active dose feasible with monitoring; approved in ALK-positive NSCLC. Need FDA label extraction.,https://en.wikipedia.org/wiki/Lorlatinib,"FDA label (Adverse Reactions + Dosage/Administration); FDA medical/clinical review; ODAC briefing doc; EPAR; pivotal trial paper (DLTs, dose reductions); ClinicalTrials.gov results (SAEs, discontinuations)",,,,,,,,,,,
lorlatinib_alk_nsclc,therapeutic_window,Was the efficacious dose achievable below the toxicity ceiling?,lorlatinib_alk_nsclc:ther:1,approved in ALK-positive NSCLC.,neutral,PRE-DECISION CANDIDATE: CNS-penetrant ALK inhibitor with neurocognitive/lipid adverse effects but active dose feasible with monitoring; approved in ALK-positive NSCLC. Need FDA label extraction.,https://en.wikipedia.org/wiki/Lorlatinib,"FDA label (Adverse Reactions + Dosage/Administration); FDA medical/clinical review; ODAC briefing doc; EPAR; pivotal trial paper (DLTs, dose reductions); ClinicalTrials.gov results (SAEs, discontinuations)",,,,,,,,,,,
lorlatinib_alk_nsclc,therapeutic_window,Was the efficacious dose achievable below the toxicity ceiling?,lorlatinib_alk_nsclc:ther:2,Need FDA label extraction.,neutral,PRE-DECISION CANDIDATE: CNS-penetrant ALK inhibitor with neurocognitive/lipid adverse effects but active dose feasible with monitoring; approved in ALK-positive NSCLC. Need FDA label extraction.,https://en.wikipedia.org/wiki/Lorlatinib,"FDA label (Adverse Reactions + Dosage/Administration); FDA medical/clinical review; ODAC briefing doc; EPAR; pivotal trial paper (DLTs, dose reductions); ClinicalTrials.gov results (SAEs, discontinuations)",,,,,,,,,,,
selpercatinib_ret,therapeutic_window,Was the efficacious dose achievable below the toxicity ceiling?,selpercatinib_ret:ther:0,PRE-DECISION CANDIDATE: Selective RET inhibitor showed high response rates with manageable hypertension/LFT/QT risks;,neutral,PRE-DECISION CANDIDATE: Selective RET inhibitor showed high response rates with manageable hypertension/LFT/QT risks; active dose feasible for tissue-specific approvals. Need label extraction.,https://en.wikipedia.org/wiki/Selpercatinib,"FDA label (Adverse Reactions + Dosage/Administration); FDA medical/clinical review; ODAC briefing doc; EPAR; pivotal trial paper (DLTs, dose reductions); ClinicalTrials.gov results (SAEs, discontinuations)",,,,,,,,,,,
selpercatinib_ret,therapeutic_window,Was the efficacious dose achievable below the toxicity ceiling?,selpercatinib_ret:ther:1,active dose feasible for tissue-specific approvals.,neutral,PRE-DECISION CANDIDATE: Selective RET inhibitor showed high response rates with manageable hypertension/LFT/QT risks; active dose feasible for tissue-specific approvals. Need label extraction.,https://en.wikipedia.org/wiki/Selpercatinib,"FDA label (Adverse Reactions + Dosage/Administration); FDA medical/clinical review; ODAC briefing doc; EPAR; pivotal trial paper (DLTs, dose reductions); ClinicalTrials.gov results (SAEs, discontinuations)",,,,,,,,,,,
selpercatinib_ret,therapeutic_window,Was the efficacious dose achievable below the toxicity ceiling?,selpercatinib_ret:ther:2,Need label extraction.,neutral,PRE-DECISION CANDIDATE: Selective RET inhibitor showed high response rates with manageable hypertension/LFT/QT risks; active dose feasible for tissue-specific approvals. Need label extraction.,https://en.wikipedia.org/wiki/Selpercatinib,"FDA label (Adverse Reactions + Dosage/Administration); FDA medical/clinical review; ODAC briefing doc; EPAR; pivotal trial paper (DLTs, dose reductions); ClinicalTrials.gov results (SAEs, discontinuations)",,,,,,,,,,,
tucatinib_her2climb,therapeutic_window,Was the efficacious dose achievable below the toxicity ceiling?,tucatinib_her2climb:ther:0,PRE-DECISION CANDIDATE: HER2CLIMB supported efficacy including CNS disease;,neutral,PRE-DECISION CANDIDATE: HER2CLIMB supported efficacy including CNS disease; diarrhea/hepatotoxicity risks manageable in combination regimen. Need label extraction.,https://en.wikipedia.org/wiki/Tucatinib,"FDA label (Adverse Reactions + Dosage/Administration); FDA medical/clinical review; ODAC briefing doc; EPAR; pivotal trial paper (DLTs, dose reductions); ClinicalTrials.gov results (SAEs, discontinuations)",,,,,,,,,,,
tucatinib_her2climb,therapeutic_window,Was the efficacious dose achievable below the toxicity ceiling?,tucatinib_her2climb:ther:1,diarrhea/hepatotoxicity risks manageable in combination regimen.,refuting,PRE-DECISION CANDIDATE: HER2CLIMB supported efficacy including CNS disease; diarrhea/hepatotoxicity risks manageable in combination regimen. Need label extraction.,https://en.wikipedia.org/wiki/Tucatinib,"FDA label (Adverse Reactions + Dosage/Administration); FDA medical/clinical review; ODAC briefing doc; EPAR; pivotal trial paper (DLTs, dose reductions); ClinicalTrials.gov results (SAEs, discontinuations)",,,,,,,,,,,
tucatinib_her2climb,therapeutic_window,Was the efficacious dose achievable below the toxicity ceiling?,tucatinib_her2climb:ther:2,Need label extraction.,neutral,PRE-DECISION CANDIDATE: HER2CLIMB supported efficacy including CNS disease; diarrhea/hepatotoxicity risks manageable in combination regimen. Need label extraction.,https://en.wikipedia.org/wiki/Tucatinib,"FDA label (Adverse Reactions + Dosage/Administration); FDA medical/clinical review; ODAC briefing doc; EPAR; pivotal trial paper (DLTs, dose reductions); ClinicalTrials.gov results (SAEs, discontinuations)",,,,,,,,,,,
